path	bytes	sha256	reason
artifacts/pose-atlas-rebuild/2026-08-25/24-view-real-status-agent-a/build_status.py	10008	38C3ED49425E56734C8FBB2D9A0D755683AA65664A443C14B2A90D9850EBD128	產線更換後無現行用途
artifacts/pose-atlas-rebuild/2026-08-25/alpha-union-refine-main/refine_alpha_union.py	6193	527E81FAA02A3F58FEE42E8CACE3334BF93450CEE3FA0A061E875CF99EE08DF6	逐角度撈候選；24 視角改為從控制圖確定性產生
artifacts/pose-atlas-rebuild/2026-08-25/alternate-source-registration-feasibility-agent-b/build_registration_audit.py	11160	85DA9A5A70E669B2B5393F856E5CFB301391EB40E46ED3423855D1D2F3F486C1	產線更換後無現行用途
artifacts/pose-atlas-rebuild/2026-08-25/angle-pass-geometry-masters-agent-c/build_angle_master_list.py	9290	288BB4585830C0F09776F1D045E55DA685644F5074093DDC2067ADA9440C080C	產線更換後無現行用途
artifacts/pose-atlas-rebuild/2026-08-25/attempt5-single-run-orchestrator-yaw045-agent-b/orchestrate_attempt5.py	7356	B0D043A3A13141DF268B770F45FA0150B15BE5C5A8D9EFC01C078CBA66DBBA78	逐角度撈候選；24 視角改為從控制圖確定性產生
artifacts/pose-atlas-rebuild/2026-08-25/birefnet-d-drive-offline-smoke-agent-a/run_offline_smoke.py	2025	CB6AB2C6E43D56284BA6E77B1549C6CF22A3689291A00FC2F045DCE6198C7671	去背模型評估；bundle 自帶 silhouette，不需去背模型
artifacts/pose-atlas-rebuild/2026-08-25/birefnet-production-admission/audit_birefnet_admission.py	10643	6CE5F687A4C1B87B08DF99E43AA5407AF864D5699C2CCB4D759B80FC279997A2	去背模型評估；bundle 自帶 silhouette，不需去背模型
artifacts/pose-atlas-rebuild/2026-08-25/birefnet-production-admission/build_manifest_component_record_v2.py	5108	12A248B67B9D5FED16CC20662E8AF9E400D807F2403611812F985F3CC057B4D6	去背模型評估；bundle 自帶 silhouette，不需去背模型
artifacts/pose-atlas-rebuild/2026-08-25/birefnet-shim-subprocess-preflight-agent-a/validate_subprocess_shim.py	5021	4C5BE68D61EB0EA13AE64492BA0174F7BC4B3893898AEC789B08AFC0404E2F04	去背模型評估；bundle 自帶 silhouette，不需去背模型
artifacts/pose-atlas-rebuild/2026-08-25/body-clothing-decoupling-input-audit-agent-a/build_input_contract.py	16161	EFFD362D9BFB042C162A02080587AF2005F9362384ECEB39D58A9D1E92BF3FE6	產線更換後無現行用途
artifacts/pose-atlas-rebuild/2026-08-25/candidate-status-registry-agent-c/build_candidate_status_registry.py	15334	F146DBC7B0E1276CC41AFC4A67C8B37885E734D3C6329FE00273E46013609D28	逐角度撈候選；24 視角改為從控制圖確定性產生
artifacts/pose-atlas-rebuild/2026-08-25/candidate-status-registry-agent-c/run_evidence.py	3417	8107609E591C3F0B1B629C73D0F381DEEA31E849ED1FE1AED3668928BF48E74B	逐角度撈候選；24 視角改為從控制圖確定性產生
artifacts/pose-atlas-rebuild/2026-08-25/candidate-status-registry-refresh-agent-c/build_registry_refresh.py	10795	C39A01A74CD25FFCCAAF4AC609E6C12F131EB29956B7970342A4517A3F73DDBE	逐角度撈候選；24 視角改為從控制圖確定性產生
artifacts/pose-atlas-rebuild/2026-08-25/candidate3-body-skin-readiness-agent-a/audit_body_skin.py	8590	06303C4F3DBB75FED331CEBB9B830E2DF2CC6B0C581C682B623C4EA7709C23F0	逐角度撈候選；24 視角改為從控制圖確定性產生
artifacts/pose-atlas-rebuild/2026-08-25/candidate3-body-skin-readiness-agent-a/inspect_mhr_surface.c	4680	FF8F418352456B595CDD63AC12D1D22C40A7F3F1E92F1DE3479D7207125A9843	逐角度撈候選；24 視角改為從控制圖確定性產生
artifacts/pose-atlas-rebuild/2026-08-25/candidate3-yaw-sign-audit-agent-a/audit_yaw_sign.py	7074	E64C52D7B98E78F080345F7B75696B2B7E5F18E770CAF43EC3438710523053B8	逐角度撈候選；24 視角改為從控制圖確定性產生
artifacts/pose-atlas-rebuild/2026-08-25/checker-periodic-alpha-refine-main/audit_green_edit_fidelity.py	9019	9AB190ED1950F717CAF6113B0A15CE00CFB4DC2D220D94D4A04E679039C667DC	逐角度撈候選；24 視角改為從控制圖確定性產生
artifacts/pose-atlas-rebuild/2026-08-25/checker-periodic-alpha-refine-main/audit_yaw030_wrong_ornament_separability.py	8872	D90792279870F48D7915DA98B310411006CB793D7243AC437E38452AB248EF42	逐角度撈候選；24 視角改為從控制圖確定性產生
artifacts/pose-atlas-rebuild/2026-08-25/checker-periodic-alpha-refine-main/checker_periodic_alpha_refine.py	9430	E098D6E3E9AE8CE92B3DE9049A633A3881DAD20E95C57B6FF14B354D8357C1C4	逐角度撈候選；24 視角改為從控制圖確定性產生
artifacts/pose-atlas-rebuild/2026-08-25/checker-periodic-alpha-refine-main/deterministic_raw_rgb_alpha_repair.py	8991	577E0FFCA9F59261B03DFE8B2E86D43024BE8FB5FBB9485CDE03D6ACFBE23FC0	逐角度撈候選；24 視角改為從控制圖確定性產生
artifacts/pose-atlas-rebuild/2026-08-25/checker-periodic-alpha-refine-main/independent_alpha_acceptance_audit.py	7292	F9A0BED233DA0E983870E1A98A455545199BF08CEE390ABED6CFB842B78289D7	逐角度撈候選；24 視角改為從控制圖確定性產生
artifacts/pose-atlas-rebuild/2026-08-25/checker-periodic-alpha-refine-main/make_yaw030_head_grid.py	829	1A4009634C472BCEE3EC600E2636AF5F8507F210EC0A1211A72CC51AA6D7C230	逐角度撈候選；24 視角改為從控制圖確定性產生
artifacts/pose-atlas-rebuild/2026-08-25/checker-periodic-alpha-refine-main/validate_deterministic_raw_rgb_v3.py	4082	66ED147EE9EE4E480DF11CA1FB2154B90BC1DDCFEC34E4DDB883EBB880DF4245	逐角度撈候選；24 視角改為從控制圖確定性產生
artifacts/pose-atlas-rebuild/2026-08-25/deterministic-two-source-lora-augmentation-preflight-main/build_deterministic_augmentation_dry_run.py	12711	04BF72433B8ABBE292664525A063F9A0D61D241208A9AFD8008F6A90C8255B0B	產線更換後無現行用途
artifacts/pose-atlas-rebuild/2026-08-25/deterministic-two-source-lora-augmentation-preflight-main/validate_deterministic_augmentation_dry_run.py	6400	3F7DCC8A6FD4D9305356F753ABF5CAAC2EAB38D46EB90DE7B240FBD30E0CEBB8	產線更換後無現行用途
artifacts/pose-atlas-rebuild/2026-08-25/distinct-source-12-admission-preflight-main/build_distinct_source_inventory.py	12442	A0123F59AD602C9738E641DD091873A5583851C1ABD62F9801679983BCE830B3	產線更換後無現行用途
artifacts/pose-atlas-rebuild/2026-08-25/distinct-source-12-admission-preflight-main/test_validator_negative_cases.py	2038	40F457E6233FFF131761BEBFE40B2FF9F0279EACB85E86E15335C923ACAC195D	產線更換後無現行用途
artifacts/pose-atlas-rebuild/2026-08-25/flux-download-monitor-agent-a/monitor.ps1	3650	0CAC7AFF880842BD411ECA8D7003765E04747BAF5931C0A4185C15B92A43C11B	Flux／Qwen 系試驗；現行產線為 Chroma1-HD
artifacts/pose-atlas-rebuild/2026-08-25/flux-formal-single-step-orchestrator-agent-a/bind_technical_evidence_awaiting_direct_confirmation.py	9504	85CD8632B1BC619D1BEE3BACC2C0E7C30199E55F69E6ABC099349627215AA02C	Flux／Qwen 系試驗；現行產線為 Chroma1-HD
artifacts/pose-atlas-rebuild/2026-08-25/flux-formal-single-step-orchestrator-agent-a/build_v2_cache_adapter.py	3944	B13203CEAE2B3AE923F139BDF7F63F60594B5053DFE60F7874C49DDD73E6FD1E	Flux／Qwen 系試驗；現行產線為 Chroma1-HD
artifacts/pose-atlas-rebuild/2026-08-25/flux-formal-single-step-orchestrator-agent-a/build_v2_cache_bundle.py	2508	7D3F374BAA2FE7C79628B9F41AB3AC4D33C72FF704165BC2C0517A517BE6CDD2	Flux／Qwen 系試驗；現行產線為 Chroma1-HD
artifacts/pose-atlas-rebuild/2026-08-25/flux-formal-single-step-orchestrator-agent-a/formal_authority_cache_stage.py	7751	00A76D2EE3265325C64452F40F8ECC45ED83481992CB99E42E430F5ED208752C	Flux／Qwen 系試驗；現行產線為 Chroma1-HD
artifacts/pose-atlas-rebuild/2026-08-25/flux-formal-single-step-orchestrator-agent-a/orchestrate_formal_single_step.py	12629	3D9F6B389B059465A95E6F6A413C8A68FD816024FC31A64D9EB896CEB58986A7	Flux／Qwen 系試驗；現行產線為 Chroma1-HD
artifacts/pose-atlas-rebuild/2026-08-25/flux-formal-single-step-orchestrator-agent-a/test_formal_distinct_source_envelope_negative.py	6000	234B89B9C48AB6065975A2187009F8D6F2D706DD6791D9638846BE3CE989C774	Flux／Qwen 系試驗；現行產線為 Chroma1-HD
artifacts/pose-atlas-rebuild/2026-08-25/flux-formal-single-step-orchestrator-agent-a/validate_distinct_source_manifest.py	6717	FFF9EA724AEDF6B18E4F320DF5C189174B0936CBCCF4E78DC381EFA9550D0B63	Flux／Qwen 系試驗；現行產線為 Chroma1-HD
artifacts/pose-atlas-rebuild/2026-08-25/flux-formal-single-step-orchestrator-agent-a/validate_formal_distinct_source_envelope.py	12166	A14045485889AA846442B8BAD55581AAF539EC0A55139562B1EB4B79598DE5DE	Flux／Qwen 系試驗；現行產線為 Chroma1-HD
artifacts/pose-atlas-rebuild/2026-08-25/flux-fullres-s020-authority-art-gate-agent-b/build_review.py	7991	B1C03BAC381DC73E63257C7DC0F3173652217C5A807175B72E30955F7DC6398D	Flux／Qwen 系試驗；現行產線為 Chroma1-HD
artifacts/pose-atlas-rebuild/2026-08-25/flux-gpu-occupancy-audit-agent-a/collect_gpu_occupancy.ps1	3352	8BF8B844C98487F2990C708F6A6BA441D446FBA31ABCEE65E0B5CA1B15E12AE8	Flux／Qwen 系試驗；現行產線為 Chroma1-HD
artifacts/pose-atlas-rebuild/2026-08-25/flux-img2img-birefnet-staging-agent-a/make_fixtures.py	965	BF88F9220F6717BA656B7AE00543DFF60D04E4ECF0F1A6593249F995AAC6E247	Flux／Qwen 系試驗；現行產線為 Chroma1-HD
artifacts/pose-atlas-rebuild/2026-08-25/flux-img2img-birefnet-staging-agent-a/run_selftest.py	1990	0D12CABD1DAD7ACAB836602A723B5B82226052E6E869F98261F78CCC422A6ECD	Flux／Qwen 系試驗；現行產線為 Chroma1-HD
artifacts/pose-atlas-rebuild/2026-08-25/flux-img2img-birefnet-staging-agent-a/stage_flux_candidate.py	17102	807EBBAEDC29AEEBEED0A424F1929370A9E7BD5956FA4CC0747E4F1B5705F600	Flux／Qwen 系試驗；現行產線為 Chroma1-HD
artifacts/pose-atlas-rebuild/2026-08-25/flux-nf4-cached-single-step-agent-a/cached_single_step.py	20184	41337722967D3566ED98BFB4CF421154E129AFF1A185C349230676BF432CBBE7	Flux／Qwen 系試驗；現行產線為 Chroma1-HD
artifacts/pose-atlas-rebuild/2026-08-25/flux-nf4-cached-single-step-agent-a/review_save_on_cpu_probe_isolation.py	6409	80CF6D74EF0E16BC9CC8559BA99C23E6D722998D195BB194857EC17297AB81E6	Flux／Qwen 系試驗；現行產線為 Chroma1-HD
artifacts/pose-atlas-rebuild/2026-08-25/flux-nf4-cached-single-step-agent-a/validate_cli_modes.py	2850	0A37EFBBB0A66FCD70E9E1F457359E8DFF19FD588419BD3DE7B2589D27D52E87	Flux／Qwen 系試驗；現行產線為 Chroma1-HD
artifacts/pose-atlas-rebuild/2026-08-25/flux-nf4-cached-single-step-agent-a/validate_formal_admission.py	1671	A68A4D9F05935F4E9B7A7EB239DAC15EE4F4EDE30980A9F569430E5A0B5357F3	Flux／Qwen 系試驗；現行產線為 Chroma1-HD
artifacts/pose-atlas-rebuild/2026-08-25/flux-offline-cache-preflight-agent-a/cache_schema_selftest.py	4747	6481F064D4BE80D31C16DAFBC39650CE1F05EAF4312AC88DCFAF4FBA608E66BF	Flux／Qwen 系試驗；現行產線為 Chroma1-HD
artifacts/pose-atlas-rebuild/2026-08-25/flux-offline-cache-preflight-agent-a/offline_cache_pipeline.py	12328	F62C8266DF0B0280D1631C069DBFF44BB77E5E222D85DCB37DAF30AA4F15008A	Flux／Qwen 系試驗；現行產線為 Chroma1-HD
artifacts/pose-atlas-rebuild/2026-08-25/flux-qlora-single-step-derived-agent-a/flux_qlora_single_step_preflight.py	7983	10F55780E439BC0375C723D13417C77A89E2D102DACF54536447E85599ACD8C6	Flux／Qwen 系試驗；現行產線為 Chroma1-HD
artifacts/pose-atlas-rebuild/2026-08-25/flux-qlora-single-step-derived-agent-a/probe_prepare_flux_kbit.py	4213	91662A18C1D1DD598512ECEC8AC7274DEA4A577E6F61736588E7A45822747B07	Flux／Qwen 系試驗；現行產線為 Chroma1-HD
artifacts/pose-atlas-rebuild/2026-08-25/flux-qlora-single-step-derived-agent-a/validate_cli_fail_closed.py	3977	AE5BFB53CEEDC84056541AB2EC383D493226C892F57E83B5D0BAE40F943BA7D1	Flux／Qwen 系試驗；現行產線為 Chroma1-HD
artifacts/pose-atlas-rebuild/2026-08-25/flux-qlora-single-step-derived-agent-a/validate_derivation.py	11164	2A4CF1DA974731AABABBF5854AC5B6D2CD364E5FE594E454062F56BD3D34064A	Flux／Qwen 系試驗；現行產線為 Chroma1-HD
artifacts/pose-atlas-rebuild/2026-08-25/flux-rank4-target-admission-agent-a/audit_targets.py	4037	9E7449552A6249E160546ED91C15B58AA5D8E4531A3DC9771AEA65F4B8E44AC7	Flux／Qwen 系試驗；現行產線為 Chroma1-HD
artifacts/pose-atlas-rebuild/2026-08-25/flux-rank4-two-step-probe-agent-a/validate_probe_envelope.py	3134	8100BDE79F1709D3A9533CE737A4DB3790B5682E452DD195D46BD02EC9A6A4BD	Flux／Qwen 系試驗；現行產線為 Chroma1-HD
artifacts/pose-atlas-rebuild/2026-08-25/flux-rank4-two-step-worker-agent-a/rank4_two_step_worker.py	7184	16C224B4CFBE15A45038D9E0788C33B7231F6704EEB2BE34035DF5B4820132A3	Flux／Qwen 系試驗；現行產線為 Chroma1-HD
artifacts/pose-atlas-rebuild/2026-08-25/flux-rank4-two-step-worker-v2-agent-a/rank4_loop_contract.py	4317	575B1C015C9CA4329A44E1E6B7AB7FE42CC69F05873694DF506E66735D4872CD	Flux／Qwen 系試驗；現行產線為 Chroma1-HD
artifacts/pose-atlas-rebuild/2026-08-25/flux-schnell-commercial-compatibility-agent-a/build_audit.py	11884	1EB68F9495E41C8ECA58A04560C6CEFD1133569F102983A7204071F1321AD849	Flux／Qwen 系試驗；現行產線為 Chroma1-HD
artifacts/pose-atlas-rebuild/2026-08-25/flux-schnell-commercial-compatibility-agent-a/offline_runtime_probe.py	3701	42D33091122407F7A3360DA4D8F6E893A0F99EEB0660DE045347D158A9258DE4	Flux／Qwen 系試驗；現行產線為 Chroma1-HD
artifacts/pose-atlas-rebuild/2026-08-25/flux-schnell-commercial-compatibility-agent-a/offline_shims/certifi/__init__.py	485	BDE98DC8372B5CD8B4AA23EF1F13F12411DD98B9D60DC39D61F24168954A03E1	Flux／Qwen 系試驗；現行產線為 Chroma1-HD
artifacts/pose-atlas-rebuild/2026-08-25/flux-schnell-commercial-compatibility-agent-a/offline_shims/tqdm/__init__.py	2875	CF65A47052791F0F52FC3BE48314982E4F0F8381257BCB0DFBBDCA8795B547C9	Flux／Qwen 系試驗；現行產線為 Chroma1-HD
artifacts/pose-atlas-rebuild/2026-08-25/flux-schnell-commercial-compatibility-agent-a/offline_shims/tqdm/auto.py	57	EBEE4DEB501EC26FAAC39BFCCC7E9ACDDF5E2DEA759E0335E48038F8BE56C0E9	Flux／Qwen 系試驗；現行產線為 Chroma1-HD
artifacts/pose-atlas-rebuild/2026-08-25/flux-schnell-commercial-compatibility-agent-a/offline_shims/tqdm/contrib/__init__.py	73	EF3FADE4291037D194C31FBA51166EF4E793ADAC08041DE3EF6EA71B28ABCFC2	Flux／Qwen 系試驗；現行產線為 Chroma1-HD
artifacts/pose-atlas-rebuild/2026-08-25/flux-schnell-commercial-compatibility-agent-a/offline_shims/tqdm/contrib/concurrent.py	470	838C1B18DFCCA251BF253F402BEF0FE96DDA8AF6B7D9FA0194FB3EEAAC916505	Flux／Qwen 系試驗；現行產線為 Chroma1-HD
artifacts/pose-atlas-rebuild/2026-08-25/flux-schnell-commercial-compatibility-agent-a/offline_shims/tqdm/contrib/logging.py	229	1C542F9EB71861F95F023E83C6DA0BB07CE30A93B837B26773A720F1F2CE6978	Flux／Qwen 系試驗；現行產線為 Chroma1-HD
artifacts/pose-atlas-rebuild/2026-08-25/flux-schnell-commercial-compatibility-agent-a/probe_blocked_imports.py	1218	0FEE3079F9AFB69E2AA24264DBA184ECDFD621D9E4DFFCA0E9FCF9EDE4C00751	Flux／Qwen 系試驗；現行產線為 Chroma1-HD
artifacts/pose-atlas-rebuild/2026-08-25/flux-schnell-download-prep-agent-a/download_snapshot.py	1434	9ED51EC172BFC3A6E742E876AD08B3A88FC2969095E03948B25A9EC7AAAEE3B9	Flux／Qwen 系試驗；現行產線為 Chroma1-HD
artifacts/pose-atlas-rebuild/2026-08-25/flux-schnell-download-prep-agent-a/preflight.ps1	1117	BF271A27ED50737D033E6A5ABBDBB9C8DFB0301ADC9F2252F91E2A10D4A5B3E3	Flux／Qwen 系試驗；現行產線為 Chroma1-HD
artifacts/pose-atlas-rebuild/2026-08-25/flux-schnell-download-prep-agent-a/probe_official_metadata.py	2181	272ED04793312FA694F941785FE159374C147EC7A3E09578FD8608EAC66F241F	Flux／Qwen 系試驗；現行產線為 Chroma1-HD
artifacts/pose-atlas-rebuild/2026-08-25/flux-schnell-download-prep-agent-a/run-download.ps1	918	0C45E964EED35AD2C8F17858AE6EAB1CDF0F1B79D4DFB8F5038D111FD7DE974C	Flux／Qwen 系試驗；現行產線為 Chroma1-HD
artifacts/pose-atlas-rebuild/2026-08-25/flux-schnell-download-prep-agent-a/verify_snapshot.py	2243	750F4C5B36953B2A42918BD387EADDF5CA6A17C46B7F574EEF1665D98BEE4874	Flux／Qwen 系試驗；現行產線為 Chroma1-HD
artifacts/pose-atlas-rebuild/2026-08-25/flux-schnell-geometry-control-audit-agent-a/probe_hf_metadata.py	2629	A9D6584EF0C1BB32D4BFE8B1DAA48E220A191AA9D78A573D56A821EEA43AA629	Flux／Qwen 系試驗；現行產線為 Chroma1-HD
artifacts/pose-atlas-rebuild/2026-08-25/flux-schnell-geometry-control-audit-agent-a/probe_local_api.py	2646	630B9D5B547D6B6F04BE71B8ECB72F236E56D6675EBBA4E17D51A2B119179843	Flux／Qwen 系試驗；現行產線為 Chroma1-HD
artifacts/pose-atlas-rebuild/2026-08-25/flux-schnell-geometry-control-audit-agent-a/validate.py	946	DC6A88839F3DF555AB5CE01182FC70092FA3CD58D7BD1049D188E6B33570F969	Flux／Qwen 系試驗；現行產線為 Chroma1-HD
artifacts/pose-atlas-rebuild/2026-08-25/flux-schnell-img2img-admission-agent-a/validate_provenance.py	2872	930A3FEE7D1685EC5A27ED3734F3DA42C2CDDEA0041FAF4D61F242FFAE273582	Flux／Qwen 系試驗；現行產線為 Chroma1-HD
artifacts/pose-atlas-rebuild/2026-08-25/flux-schnell-img2img-geometry-qa-agent-a/geometry_qa.py	14588	F21F61AC9FBB7CDA6B712511566E1119E0D988C4FC12E0ABACD355CC945D11A1	Flux／Qwen 系試驗；現行產線為 Chroma1-HD
artifacts/pose-atlas-rebuild/2026-08-25/flux-schnell-img2img-geometry-qa-agent-a/make_fixtures.py	1047	0FF8C4377034C993B697D18D063744E3728D166B0FD568BC2D61F2C98E27249B	Flux／Qwen 系試驗；現行產線為 Chroma1-HD
artifacts/pose-atlas-rebuild/2026-08-25/flux-schnell-img2img-geometry-qa-agent-a/run_selftest.py	2195	786199ABDE5C10D9E921BAA59BEBD42B5207FB4E7CBC39F32C1EF7F74D591DC9	Flux／Qwen 系試驗；現行產線為 Chroma1-HD
artifacts/pose-atlas-rebuild/2026-08-25/flux-schnell-local-preflight-agent-a/audit_runner_download_alignment.py	3998	33A419F10EBA8BF2EDDAE1A8DBC445FE51ABB12621BD0347E0D70B24EAB4A1F8	Flux／Qwen 系試驗；現行產線為 Chroma1-HD
artifacts/pose-atlas-rebuild/2026-08-25/flux-schnell-local-preflight-agent-a/local_config_preflight.py	5596	21A9D416C4F3B729F3EB187B6F2CC0C4F6307429FCC5652BC8DB32413BD9FEA7	Flux／Qwen 系試驗；現行產線為 Chroma1-HD
artifacts/pose-atlas-rebuild/2026-08-25/flux-schnell-local-preflight-agent-a/run-after-download.ps1	651	77040B7714E3AB87CEAFE5E152A508476C466FEA52CFA55F20DCA394D0663802	Flux／Qwen 系試驗；現行產線為 Chroma1-HD
artifacts/pose-atlas-rebuild/2026-08-25/flux-schnell-script-review-agent-a/offline_preflight.py	6932	63A8525DA7CAAD79F434466FEC55B4F63C92E4A95D3F39B0EC229D8B6C0DB595	Flux／Qwen 系試驗；現行產線為 Chroma1-HD
artifacts/pose-atlas-rebuild/2026-08-25/flux-schnell-smoke256-readonly-audit-agent-a/audit_existing_smoke.py	6994	1390551A545ACEB0D5F3018EEC78B9B8BFB3A5162835B0B809683038E21BFFC2	Flux／Qwen 系試驗；現行產線為 Chroma1-HD
artifacts/pose-atlas-rebuild/2026-08-25/flux-schnell-smoke256-readonly-audit-agent-a/run_flux_with_persistent_evidence.ps1	4370	237BB43F1A5DB0AD90F4B5D3AD996018E1A01836831114B2457FA522F10DA84E	Flux／Qwen 系試驗；現行產線為 Chroma1-HD
artifacts/pose-atlas-rebuild/2026-08-25/flux-schnell-smoke256-readonly-audit-agent-a/validate.py	1686	4F7110E0E6ED597C6778910ADE6A7755444D406C43333509460A3A234464ECCD	Flux／Qwen 系試驗；現行產線為 Chroma1-HD
artifacts/pose-atlas-rebuild/2026-08-25/flux-schnell-three-output-art-gate-agent-b/build_three_output_review.py	8344	16C13A183DD8942B33160FF6B1E48286FF82DDEB3CB4A7FC2044B07935575E50	Flux／Qwen 系試驗；現行產線為 Chroma1-HD
artifacts/pose-atlas-rebuild/2026-08-25/flux-schnell-yaw045-candidate-geometry-plate-agent-b/build_candidate_geometry_plate.py	8712	89AFA13974526234EA2CACC3A76C17B01BC46489EAFEAB5FD4153B2AC93086B2	Flux／Qwen 系試驗；現行產線為 Chroma1-HD
artifacts/pose-atlas-rebuild/2026-08-25/flux-schnell-yaw045-epoch1-lora-validation-main/run_flux_schnell_img2img_nf4_lora.py	11457	5B1A60190F033F86631538CBC7EA3A7E736D60F75BCF431CABF82322E8248776	Flux／Qwen 系試驗；現行產線為 Chroma1-HD
artifacts/pose-atlas-rebuild/2026-08-25/flux-schnell-yaw045-geometry-plate-agent-b/build_fixtures.py	2129	ECDC24E6C0E7BEE90FB89ED3A11228A589A49D9BD763326F94D188BB4F9EF7D3	Flux／Qwen 系試驗；現行產線為 Chroma1-HD
artifacts/pose-atlas-rebuild/2026-08-25/flux-schnell-yaw045-geometry-plate-agent-b/build_geometry_plate.py	5163	1DAEBE577BA7301C4B8ADC3CC6E8BBEE56BC53AC95D4A3043C939E26D0979188	Flux／Qwen 系試驗；現行產線為 Chroma1-HD
artifacts/pose-atlas-rebuild/2026-08-25/flux-schnell-yaw045-geometry-plate-agent-b/exact_geometry_diff_gate.py	2921	2F18E7468840AD63BABD8B86FB47BA3A348F953AAE91B89AEDA0B21E320078FA	Flux／Qwen 系試驗；現行產線為 Chroma1-HD
artifacts/pose-atlas-rebuild/2026-08-25/flux-schnell-yaw045-geometry-plate-agent-b/flux_schnell_img2img.py	3667	32B2FC9D5D4A21C800F244894286C558B28976F3A4DD80A29DBF9277D40B26A5	Flux／Qwen 系試驗；現行產線為 Chroma1-HD
artifacts/pose-atlas-rebuild/2026-08-25/flux-schnell-yaw045-img2img-main/run-actual.ps1	1133	2ADDFCFF95015B4ADDF87D02A0C59B9D60B0F9F0DE7D0376A6F0D451CDC55B86	Flux／Qwen 系試驗；現行產線為 Chroma1-HD
artifacts/pose-atlas-rebuild/2026-08-25/flux-schnell-yaw045-img2img-main/run_flux_schnell_img2img_nf4.py	6972	D676F83CDE0C76BDAB02507EE2C5A34314276BBBB0664A84EC1E485272DF6E3F	Flux／Qwen 系試驗；現行產線為 Chroma1-HD
artifacts/pose-atlas-rebuild/2026-08-25/flux-schnell-yaw045-monitor-agent-a/verify_completed_run.py	4173	65388E58863A677466E5A60CA9D26AD1D7D4C4434C6C7BC973AD3194FD06BD66	Flux／Qwen 系試驗；現行產線為 Chroma1-HD
artifacts/pose-atlas-rebuild/2026-08-25/flux-schnell-yaw045-s020-rejection-agent-a/validate_rejection.py	1631	A93285823D2A6E77886512F2D6A8AD90825E1B71451841606B09424D179DB727	Flux／Qwen 系試驗；現行產線為 Chroma1-HD
artifacts/pose-atlas-rebuild/2026-08-25/flux-training-preflight-agent-a/preflight.py	6206	68B3E3624CE48327564FA7725BF6081067CE3AC72BE2381E16D0840A5F8D306F	Flux／Qwen 系試驗；現行產線為 Chroma1-HD
artifacts/pose-atlas-rebuild/2026-08-25/flux-v2-r3-rank4-formal-minimum-segment-main/formal_continue.py	17133	F8D3224CD35D2CD5B096A48C0349D628AD06F455DBB02392EB067F9C2B4559FC	Flux／Qwen 系試驗；現行產線為 Chroma1-HD
artifacts/pose-atlas-rebuild/2026-08-25/flux-v2-r3-rank4-formal-minimum-segment-main/render_fixed_samples.py	9370	D5CA72DF60325BFE3732645579F99A36D3941635F801F7C56A931B8C07386D28	Flux／Qwen 系試驗；現行產線為 Chroma1-HD
artifacts/pose-atlas-rebuild/2026-08-25/flux-v2-r3-rank4-formal-minimum-segment-main/validate_formal_segment.py	5236	ED9076A62EE195C41887EBD68A8047F4C2D9F89ED89D1FE22E8467172087CA45	Flux／Qwen 系試驗；現行產線為 Chroma1-HD
artifacts/pose-atlas-rebuild/2026-08-25/flux-v2-r3-rank4-formal-step5-8-main/render_step6_8.py	2072	DDD28C1B741DE351F368146A31A0B6BA9013CFBF3F89EA9BE5E9028604170498	Flux／Qwen 系試驗；現行產線為 Chroma1-HD
artifacts/pose-atlas-rebuild/2026-08-25/flux-v2-r3-rank4-formal-step5-8-main/train_step5_8.py	7382	E6DD25592A2424F1B44362A4A201FDE6B4D8F8D2AB1B302AEA61908ABDF5E629	Flux／Qwen 系試驗；現行產線為 Chroma1-HD
artifacts/pose-atlas-rebuild/2026-08-25/flux-v2-r3-rank4-formal-step5-8-main/validate_step5_8.py	5351	5909BCB86EAB24F7CA9BC4592A596E6687F8AD3A28EE01E17A9D7990696A8ECA	Flux／Qwen 系試驗；現行產線為 Chroma1-HD
artifacts/pose-atlas-rebuild/2026-08-25/flux-v2-r3-rank4-formal-step9-12-main/train_step9_12.py	6040	8D3799E8B83B28B96F1B58495AA910FE149E50126A9B1AD7AB8ACD0D2DD96C03	Flux／Qwen 系試驗；現行產線為 Chroma1-HD
artifacts/pose-atlas-rebuild/2026-08-25/flux-v2-r3-rank4-two-step-preflight-agent-a/review_low_vram_source.py	2645	BD6204092954DD9946DECAB75DFBF160EC9B6D7BBDE25750181CBFB287E12F64	Flux／Qwen 系試驗；現行產線為 Chroma1-HD
artifacts/pose-atlas-rebuild/2026-08-25/flux-v2-r3-rank4-two-step-preflight-agent-a/verify_cache_technical.py	3676	86B1C8A869B7923EE17B9C1B0554F0611C13CE0CE0BF4E16C3AC5231EDE5B41E	Flux／Qwen 系試驗；現行產線為 Chroma1-HD
artifacts/pose-atlas-rebuild/2026-08-25/flux-v2-r3-rank4-two-step-smoke-main/rank4_two_step_smoke.py	17652	A0C790387B458EC8FC02E24D8B8CEE8CA69C9D8F60A94C088FE976DA398D8BDD	Flux／Qwen 系試驗；現行產線為 Chroma1-HD
artifacts/pose-atlas-rebuild/2026-08-25/flux-v2-r3-rank4-two-step-smoke-main/validate_smoke.py	5887	D9FA0C627C57CAE455E0FF3B1FAB6FDC4C897F7A8131514F047FFD7AC9DF6F0B	Flux／Qwen 系試驗；現行產線為 Chroma1-HD
artifacts/pose-atlas-rebuild/2026-08-25/flux-v4-seven-source-cache-envelope-agent-b/build_cache_envelope.py	11147	B3A552991376F0D700D1E9AB759D13E5E7A17EF4290F2A0652BCFA6DD8FB383B	identity 訓練候選比較；LoRA v2 已定案且權重已選
artifacts/pose-atlas-rebuild/2026-08-25/formal-24-600-local-art-tool-admission-snapshot-agent-c/build_snapshot.py	16020	20CFE7BF5AFCC49F268DF5EFF85C8FFCF3BC1A4A429935D3DA56968229D9E43B	產線更換後無現行用途
artifacts/pose-atlas-rebuild/2026-08-25/formal-24-600-local-art-tool-admission-snapshot-agent-c/run_evidence.py	2131	F84373340154355768529B830B6B8DB8F9008202741FCD1DFA3DFE2A351B27BC	產線更換後無現行用途
artifacts/pose-atlas-rebuild/2026-08-25/formal-pose-atlas-v4-existing-assets-audit-agent-b/audit_existing_pose_atlas.py	15102	86BF163A4E666CA1D62AC7037D704105EA9C2AA39918E79BBCAF831D39C1CA06	產線更換後無現行用途
artifacts/pose-atlas-rebuild/2026-08-25/formal-rgb-admission-validator-24-agent-b/build_fixtures.py	1688	02D0687FB701AA96CD7A9A8F8C3AA35623F6C4D77005D1416857F5255F577E3B	逐角度撈候選；24 視角改為從控制圖確定性產生
artifacts/pose-atlas-rebuild/2026-08-25/formal-rgb-admission-validator-24-agent-b/validate_candidate.py	5996	58AE80A5E17E98C68DAD0E1B8D911BF8BA379AAF14A2B43606068DEB8E570653	逐角度撈候選；24 視角改為從控制圖確定性產生
artifacts/pose-atlas-rebuild/2026-08-25/formal-rgb-candidate-input-pack-24-agent-b/build_rgb_candidate_index.py	7232	5721E8E1FBF1654D051A72F51261166D0E2CF550FA80A57028225EC413E02B5A	逐角度撈候選；24 視角改為從控制圖確定性產生
artifacts/pose-atlas-rebuild/2026-08-25/garment-shoe-geometry-inventory-agent-c/build_inventory.py	10744	DB6DBA7993BAFE87018F51170153C63FBDEBC6F012D2893F7E0447CB48B673A6	產線更換後無現行用途
artifacts/pose-atlas-rebuild/2026-08-25/geometry-control-bundle-index-agent-a/validate_bundle_index.py	9041	7E17D8FC9C62CA099961EC00B0FBA74B1B3049DF520DA31CA38905F364499486	產線更換後無現行用途
artifacts/pose-atlas-rebuild/2026-08-25/identity-authority-index/build_identity_authority_index.py	11017	0C925962FAF51979167D073636FB84F0A9EAA2DEB7000B5A8F6033E52E9FF9D6	產線更換後無現行用途
artifacts/pose-atlas-rebuild/2026-08-25/identity-authority-index/verify_identity_authority_index.py	2181	2745388200B5D71DD1F87F9C34989D89E86D50725CB8B3561047C57B783B2816	產線更換後無現行用途
artifacts/pose-atlas-rebuild/2026-08-25/identity-crop-training-admission-agent-a/build_fixtures.py	3975	7B5E3E456DF596D0D201DA59629A0516DED6589E420AD9FC00D5C50A21183F71	逐角度撈候選；24 視角改為從控制圖確定性產生
artifacts/pose-atlas-rebuild/2026-08-25/identity-crop-training-admission-agent-a/probe_dynamic_training_first_party_shims.py	7879	B5A2BBEF4DE33298C76785F9C806DE89361A86D7FF791D31E7C996CE9613A97F	產線更換後無現行用途
artifacts/pose-atlas-rebuild/2026-08-25/identity-crop-training-admission-agent-a/probe_flux_stack_first_party_shims.py	7886	FC9B927034D9A2CA6BFC51AEA253A012FC9AB7E590AED332527F4573FE354C41	Flux／Qwen 系試驗；現行產線為 Chroma1-HD
artifacts/pose-atlas-rebuild/2026-08-25/identity-crop-training-admission-agent-a/probe_offline_certifi_shim.py	2228	ED24B70F0A665BA39C4C143D9AF21B19274127796124FA7A181E151AB4D46EF0	產線更換後無現行用途
artifacts/pose-atlas-rebuild/2026-08-25/identity-crop-training-admission-agent-a/run_authority_admission_once.py	2441	2218AE65CD53FFA7B4D4C9EFCDB7D823EF716B1A1DBB2919CDA5DDE114F8EEB6	產線更換後無現行用途
artifacts/pose-atlas-rebuild/2026-08-25/identity-crop-training-admission-agent-a/run_offline_with_first_party_shims.py	1344	D830A6A669BD06AC719191599AD5C956EF947C888335D70DB68421445694A07A	產線更換後無現行用途
artifacts/pose-atlas-rebuild/2026-08-25/identity-crop-training-admission-agent-a/test_distinct_source_negative_fixtures.py	2782	483FB651F23A328371293DE7FDADF7B433399201BE99AB933F314E7D13BF0985	逐角度撈候選；24 視角改為從控制圖確定性產生
artifacts/pose-atlas-rebuild/2026-08-25/identity-crop-training-admission-agent-a/test_distinct_source_v2_negative_fixtures.py	2278	0CA99C6349296A73A40B56AFB99D4CA1DE5B9BC07AD5188628DC463C2A93FFBC	逐角度撈候選；24 視角改為從控制圖確定性產生
artifacts/pose-atlas-rebuild/2026-08-25/identity-crop-training-admission-agent-a/validate_distinct_source_v2.py	3606	D96FDAF7C4221B35BDF4D536DEA3DDEB80D123A121125BA91921935539BACAF3	產線更換後無現行用途
artifacts/pose-atlas-rebuild/2026-08-25/identity-garment-separation-audit-agent-b/audit_identity_garment_separation.py	7769	26485276681DA6EEAD187E426A11044039EC1C30C34B6852958643FEC43EB924	產線更換後無現行用途
artifacts/pose-atlas-rebuild/2026-08-25/identity-refined-candidates/apply_ground_shadow_cleanup_v3.py	6186	AEF8F2E55A4AB77971F4CD4B10625A17FFBF4D1B216175E558A7E51028E7FD1A	identity 訓練候選比較；LoRA v2 已定案且權重已選
artifacts/pose-atlas-rebuild/2026-08-25/identity-refined-candidates/apply_halo_cleanup_candidate_v3.py	616	17E05E42A2590736D603425D8B319D64B7184D114ED6AD04A224888B3A4A8E16	identity 訓練候選比較；LoRA v2 已定案且權重已選
artifacts/pose-atlas-rebuild/2026-08-25/identity-refined-candidates/audit_candidate_v3_geometry_alignment.py	612	20013A3FE9C8D350B9F1E1D3DA8C1705AD6EFBA7E50283F1DD530FEF8FB3F44C	identity 訓練候選比較；LoRA v2 已定案且權重已選
artifacts/pose-atlas-rebuild/2026-08-25/identity-refined-candidates/audit_yaw030_geometry_alignment.py	9159	5C9E03A17413607BF70FC4D7CFA58A2263C7CAF9FEFC350063B4550BDB7AF8E3	identity 訓練候選比較；LoRA v2 已定案且權重已選
artifacts/pose-atlas-rebuild/2026-08-25/identity-refined-candidates/build_candidate_v3_ornament_side_comparison.py	3065	0E3801EDA54FCC9819CAC73404447EC609F77BC05ABEE8F58F169A36D38F29FF	identity 訓練候選比較；LoRA v2 已定案且權重已選
artifacts/pose-atlas-rebuild/2026-08-25/identity-refined-candidates/preview_ground_shadow_cleanup_v3.py	3927	AA3F0D25073A87C0BA9E41824B0C72A582D7E2858A405F9AA01487952235D62A	identity 訓練候選比較；LoRA v2 已定案且權重已選
artifacts/pose-atlas-rebuild/2026-08-25/identity-refined-candidates/preview_halo_cleanup_candidate_v3.py	624	F79476436A41C705DF194EF0731ED03341AF37DF412DFF2DC4B246C2F89B512F	identity 訓練候選比較；LoRA v2 已定案且權重已選
artifacts/pose-atlas-rebuild/2026-08-25/identity-refined-candidates/qa_and_decontaminate_birefnet_yaw030.py	5069	FE043F2FB82C4476F002F1B02A380037CD648F46C46AB65E8930AFDF006FC073	identity 訓練候選比較；LoRA v2 已定案且權重已選
artifacts/pose-atlas-rebuild/2026-08-25/identity-refined-candidates/run_birefnet_candidate_v3.py	818	57912E7B94E904C340C33A3EF2132859D2AADC90D98E41080B6C3FD8ED518160	identity 訓練候選比較；LoRA v2 已定案且權重已選
artifacts/pose-atlas-rebuild/2026-08-25/identity-refined-candidates/run_birefnet_yaw030.py	8468	2C5A4ACADF5615D5E3FE39B6C44D8346C2E299B9784E072D96918C017F8CEDDF	identity 訓練候選比較；LoRA v2 已定案且權重已選
artifacts/pose-atlas-rebuild/2026-08-25/identity-refined-candidates/run_decontaminate_candidate_v3.py	715	99F6BAB02F95D66197544888C5C34A3AC32B927DA38BBEC85DCED288E867CFCA	identity 訓練候選比較；LoRA v2 已定案且權重已選
artifacts/pose-atlas-rebuild/2026-08-25/identity-refined-candidates-agent-a/apply_halo_cleanup_batch_v3.py	7652	FB7491EFBE8B441FEBDCA114F9FAE97712BC09D07B3BF0BA3AC771C6EA4A4E44	identity 訓練候選比較；LoRA v2 已定案且權重已選
artifacts/pose-atlas-rebuild/2026-08-25/identity-refined-candidates-agent-a/audit_angle_identity.py	12687	F44E9D5267B16A539EC351B8CD4E020E94FEB1DB28E1320437D5CE877D98F8C3	identity 訓練候選比較；LoRA v2 已定案且權重已選
artifacts/pose-atlas-rebuild/2026-08-25/identity-refined-candidates-agent-a/build_birefnet_contact.py	1723	B5616F06C3E798A8BE67151828FC3BE0A0CF76765D44780F13E45069887C47BE	identity 訓練候選比較；LoRA v2 已定案且權重已選
artifacts/pose-atlas-rebuild/2026-08-25/identity-refined-candidates-agent-a/build_face_authority_only_board.py	2083	39C0C5876A73EC4813726E412CFB5E25D27B05166273CF81562F8426E792C3A0	identity 訓練候選比較；LoRA v2 已定案且權重已選
artifacts/pose-atlas-rebuild/2026-08-25/identity-refined-candidates-agent-a/build_reference_boards.py	3588	141DD47550B736F1AFFAA987B5531A77092F274539C6BA0228995B53915447B3	identity 訓練候選比較；LoRA v2 已定案且權重已選
artifacts/pose-atlas-rebuild/2026-08-25/identity-refined-candidates-agent-a/build_yaw015_golden_reference_board.py	4776	EEA39E173BF41569CEB39E86C0D4001C9BBE709C460AF81E1578A755E20274D5	identity 訓練候選比較；LoRA v2 已定案且權重已選
artifacts/pose-atlas-rebuild/2026-08-25/identity-refined-candidates-agent-a/cleanup_yaw015_lower_alpha_v4.py	6306	F21957FD803283A0E8723302BE65904E8074482FA728F40E89DF3BB361EC4F2E	identity 訓練候選比較；LoRA v2 已定案且權重已選
artifacts/pose-atlas-rebuild/2026-08-25/identity-refined-candidates-agent-a/cleanup_yaw015_ornament_alpha_v3.py	5613	43411A2B3125A47A093324C8CE8D45587E6D3F7755450B60FB5CD606732806D6	identity 訓練候選比較；LoRA v2 已定案且權重已選
artifacts/pose-atlas-rebuild/2026-08-25/identity-refined-candidates-agent-a/decontaminate_candidate.py	1232	A8B76882FE49121B473A461B5D0B9A88FB1F5A0B73409EA0F041AB15A7CC48A0	identity 訓練候選比較；LoRA v2 已定案且權重已選
artifacts/pose-atlas-rebuild/2026-08-25/identity-refined-candidates-agent-a/preview_halo_cleanup_batch_v3.py	4662	BAB091987C0E671F33E7CDFF5F661170CC43A9C4F4BDC939C2717F0CDA793DE5	identity 訓練候選比較；LoRA v2 已定案且權重已選
artifacts/pose-atlas-rebuild/2026-08-25/identity-refined-candidates-agent-a/qa_candidates.py	4510	AC1AC5C2EA9283794FA63353B1F49B074367D4C1DAB9F57704F9FE4A22EA6E6F	identity 訓練候選比較；LoRA v2 已定案且權重已選
artifacts/pose-atlas-rebuild/2026-08-25/identity-refined-candidates-agent-a/qa_corrected_v3.py	4642	5C96B57E08E68D8F55F23AF6DBE24366560E78735A33B8B3CB08AEC665E4FA15	identity 訓練候選比較；LoRA v2 已定案且權重已選
artifacts/pose-atlas-rebuild/2026-08-25/identity-refined-candidates-agent-a/qa_yaw015_golden_alpha.py	6290	A3341EC0F211436044C2CC4769F48C2D347FFD70E1D967ECF7DE3D11FCB2CD9D	identity 訓練候選比較；LoRA v2 已定案且權重已選
artifacts/pose-atlas-rebuild/2026-08-25/identity-refined-candidates-agent-a/qa_yaw015_golden_alpha_v3.py	707	323B68329BFDCF67E509A51EC84BF97E9001F945EE72B4A1A1C6F5EA1E38B35B	identity 訓練候選比較；LoRA v2 已定案且權重已選
artifacts/pose-atlas-rebuild/2026-08-25/identity-refined-candidates-agent-a/qa_yaw015_golden_alpha_v4.py	707	25980A29C001FBD16FE51DC13DCD80448F012C2EE32277051D6D65011934A347	identity 訓練候選比較；LoRA v2 已定案且權重已選
artifacts/pose-atlas-rebuild/2026-08-25/identity-refined-candidates-agent-a/qa_yaw015_golden_alpha_v4b.py	710	9DDB1FDE0366C786B1FD3C244420F9E2F0E461467822CF2BC011E3FD25B91243	identity 訓練候選比較；LoRA v2 已定案且權重已選
artifacts/pose-atlas-rebuild/2026-08-25/identity-refined-candidates-agent-a/qa_yaw015_golden_gate.py	7258	19ABE9AFEE130D3930B225984BE9F63E0289DB9409E73D9DA1F1841D19BCC6F7	identity 訓練候選比較；LoRA v2 已定案且權重已選
artifacts/pose-atlas-rebuild/2026-08-25/identity-refined-candidates-agent-a/run_birefnet_candidate.py	1420	FBA8DCBD90B46820A5471E5A961B38363A39240D0919FE0B4A02DC22C2F7A76B	identity 訓練候選比較；LoRA v2 已定案且權重已選
artifacts/pose-atlas-rebuild/2026-08-25/image-input-production-admission/audit_image_inputs.py	13467	A89E69363A76E64A1B4910EB86B0EFB60635B4B60B8F790D3DB40A71F7395886	產線更換後無現行用途
artifacts/pose-atlas-rebuild/2026-08-25/image-input-production-admission/trace_incremental_generation.py	14990	C39F06B04B68129EA32F99A0D3050EEAD2660F98992224C209C0762093719471	產線更換後無現行用途
artifacts/pose-atlas-rebuild/2026-08-25/image-input-production-admission/trace_local_generation_inputs.py	16343	2BADFB40197B88C19345A9CE5199ED7A7426C49B15C2625848B4B7266340B93D	產線更換後無現行用途
artifacts/pose-atlas-rebuild/2026-08-25/instantmesh-geometry-24-agent-a/render_geometry_controls.py	14475	20FD8B0A44B86F7CAA4C31342F9052ED11D08CFA1625EA44E6319741F794BE8D	產線更換後無現行用途
artifacts/pose-atlas-rebuild/2026-08-25/kandinsky22-conditioning-refs-agent-c/build_conditioning_refs.py	4149	1A47FB3DD7E1FF7609C123CD1AA681439F94C03C5477E27190384BCC759C48AD	產線更換後無現行用途
artifacts/pose-atlas-rebuild/2026-08-25/kandinsky22-depth-runner-agent-b/run_kandinsky22_depth.py	9932	3E5EE8983A832EC5B2A1010D1A0F162A9D1E45A04B3164158CF98382C91338A7	產線更換後無現行用途
artifacts/pose-atlas-rebuild/2026-08-25/kandinsky22-depth-runner-agent-b/run_kandinsky22_depth_img2img.py	8584	E287CF73777E235A0614B40C860E66830458E920F5B4774E83C16C308577719D	產線更換後無現行用途
artifacts/pose-atlas-rebuild/2026-08-25/layer-manifest-schema-draft/generate_fixtures.py	4453	7235D754E24BC4893B1F96939EE62759A22B194679B78BEE62887002A306A220	逐角度撈候選；24 視角改為從控制圖確定性產生
artifacts/pose-atlas-rebuild/2026-08-25/layer-manifest-schema-draft/run_fixture_validation.ps1	3098	4F7FADF74C67858D1561DB5484A1B479BB9D8EF4B31112DAF1F575D26F42E550	逐角度撈候選；24 視角改為從控制圖確定性產生
artifacts/pose-atlas-rebuild/2026-08-25/license-audit-agent-a/run-birefnet-license-supplement.ps1	1492	A6F517168D9BA582ADBEBE3C64CDDDE78D72DF157D06DA5B8045B88B70FB3A71	去背模型評估；bundle 自帶 silhouette，不需去背模型
artifacts/pose-atlas-rebuild/2026-08-25/local-inference-runtime-search-agent-c/audit_local_runtimes.py	5396	CA22030E47C41C28CAD03035B37C61E527229C099444940EC16A52DD08F86F77	產線更換後無現行用途
artifacts/pose-atlas-rebuild/2026-08-25/local-nonpaste-repair-model-audit-agent-b/audit_candidate.py	7987	A5857C3AE735A1EE041EE155B41A66CA6CC3EC433EA1C1331CA799EEDF08535D	逐角度撈候選；24 視角改為從控制圖確定性產生
artifacts/pose-atlas-rebuild/2026-08-25/lora-seq01-02-overfit-smoke-preflight-main/build_two_image_overfit_smoke_plan.py	16257	F407FD410D739AB7C0F05CC923161FA51A81810A8C1498E640115DB85150AA6B	逐角度撈候選；24 視角改為從控制圖確定性產生
artifacts/pose-atlas-rebuild/2026-08-25/lora-seq01-02-overfit-smoke-preflight-main/validate_two_image_overfit_smoke_preflight.py	8966	97C938D485EAF361BAF89400820ADA40D56D8B1B036903278F8E44DD9586CC01	逐角度撈候選；24 視角改為從控制圖確定性產生
artifacts/pose-atlas-rebuild/2026-08-25/lora-smoke-local-supply-chain-preflight-main/audit_lora_smoke_local_supply_chain.py	19969	EB998FF012BE179456097A9A7846792F5AD4BBC86F6AE0985CAE8A36324F4BA0	逐角度撈候選；24 視角改為從控制圖確定性產生
artifacts/pose-atlas-rebuild/2026-08-25/lora-smoke-local-supply-chain-preflight-main/validate_lora_smoke_local_supply_chain.py	1792	5228B4B5336BDC97405E836AF4B6901A31A1FD581A314D1E4B3B3C5BC0BA2E2A	逐角度撈候選；24 視角改為從控制圖確定性產生
artifacts/pose-atlas-rebuild/2026-08-25/mhr-neutral-body-smoke-agent-b/all-candidate-actual-yaw070-080-scan-agent-b/audit_shortlist.py	3384	FF8D42D5BF948421BB9C7EAF208961A8158B904539308573FE36118CD7DB42F1	逐角度撈候選；24 視角改為從控制圖確定性產生
artifacts/pose-atlas-rebuild/2026-08-25/mhr-neutral-body-smoke-agent-b/all-candidate-actual-yaw070-080-scan-agent-b/inventory_candidates.py	2754	ECD0A79D54DE9D09D5A365F2A3A1D49A0C6CE53BDBBCEF1771EE8FD9440E7760	逐角度撈候選；24 視角改為從控制圖確定性產生
artifacts/pose-atlas-rebuild/2026-08-25/mhr-neutral-body-smoke-agent-b/audit_candidate2_b00_front_alignment.py	10338	074F36A30EE3C19F0FD7CC50E5791C3157370F1F82D43103925083064D935F77	逐角度撈候選；24 視角改為從控制圖確定性產生
artifacts/pose-atlas-rebuild/2026-08-25/mhr-neutral-body-smoke-agent-b/audit_yaw030_candidate_v2_raw.py	4423	0B310731F92106C34D5FD36CB36373912F2AB6BE2AC513303D83C9D7189D85EF	逐角度撈候選；24 視角改為從控制圖確定性產生
artifacts/pose-atlas-rebuild/2026-08-25/mhr-neutral-body-smoke-agent-b/audit_yaw_increment.py	6244	635EF272C4A610FC0B71AB674D767D93640732553C78366F976F58F98662F520	逐角度撈候選；24 視角改為從控制圖確定性產生
artifacts/pose-atlas-rebuild/2026-08-25/mhr-neutral-body-smoke-agent-b/candidate-library-inventory-agent-b/inventory_candidates.py	12946	B7DA97993529AB4669384EAC2EE6E4302BCD76BE9D11F90C98279FA9C66308FE	逐角度撈候選；24 視角改為從控制圖確定性產生
artifacts/pose-atlas-rebuild/2026-08-25/mhr-neutral-body-smoke-agent-b/checker_hybrid_refine_v3.py	9697	C6D384716949BB1C0DBDCFF9E5BAA84A98F1D072156FF8998632BCA14528BBBF	逐角度撈候選；24 視角改為從控制圖確定性產生
artifacts/pose-atlas-rebuild/2026-08-25/mhr-neutral-body-smoke-agent-b/checker_hybrid_rescue.py	9782	C7EBC2E818D7CE819A97F40254D1DDD01B5BCDAB0BEEEA4F0ADEF96E0E25576F	逐角度撈候選；24 視角改為從控制圖確定性產生
artifacts/pose-atlas-rebuild/2026-08-25/mhr-neutral-body-smoke-agent-b/compare_candidate2_yaw075_repro.py	5674	4E7E4BB428CFC950083BD870D30A0DB94D29DC385D44A67099B44A336BA32EF0	逐角度撈候選；24 視角改為從控制圖確定性產生
artifacts/pose-atlas-rebuild/2026-08-25/mhr-neutral-body-smoke-agent-b/compare_ufbx_body_calculator.py	6364	78A9C06446A1D9288F4B25734A0BA509DB0929B9D0A3C451A1E2EB3E2308D723	逐角度撈候選；24 視角改為從控制圖確定性產生
artifacts/pose-atlas-rebuild/2026-08-25/mhr-neutral-body-smoke-agent-b/compare_ufbx_torchscript_identity.py	6785	EB2E6BCEAB908B4C34A9E402C9CE8F7710F22AFC2C669CF60EF03D1B3C982CFA	逐角度撈候選；24 視角改為從控制圖確定性產生
artifacts/pose-atlas-rebuild/2026-08-25/mhr-neutral-body-smoke-agent-b/cpu_yaw_control_renderer.c	9390	59C009A8B84F81FB3CEC52FE931FAA492EA2ECCDC13CFBE9C8DC44E70D079C52	逐角度撈候選；24 視角改為從控制圖確定性產生
artifacts/pose-atlas-rebuild/2026-08-25/mhr-neutral-body-smoke-agent-b/edge_connected_solid_green_key.py	9280	D8EF2355A115D5F404A7F2208A70E8E3C37D6527B8ACB00DC760E79602A1956B	逐角度撈候選；24 視角改為從控制圖確定性產生
artifacts/pose-atlas-rebuild/2026-08-25/mhr-neutral-body-smoke-agent-b/generate_body_equivalence_cases.py	1600	59F2E8C6A5B3914FE0B420AF0BB3BCF4D74A7FAD1036D8892B1435899A27E513	逐角度撈候選；24 視角改為從控制圖確定性產生
artifacts/pose-atlas-rebuild/2026-08-25/mhr-neutral-body-smoke-agent-b/localize_yaw030_candidate_v2_visual_qa.py	4832	E51718A9254E086C4C46E7F0BC0B3CF990483A24E429EE08FF9C4F7A072B3BDD	逐角度撈候選；24 視角改為從控制圖確定性產生
artifacts/pose-atlas-rebuild/2026-08-25/mhr-neutral-body-smoke-agent-b/make_checker_hybrid_four_bg_contact.py	3343	C9D3156FB0EE8065F97BFEB5A1D712FE892100CC4714C4C348F4E9E86916DBCB	逐角度撈候選；24 視角改為從控制圖確定性產生
artifacts/pose-atlas-rebuild/2026-08-25/mhr-neutral-body-smoke-agent-b/make_identity_contact.py	2928	D61AF92FBEF54421F949C35E9B220A11AA02027AE8DFC19A1102A49860EF3795	逐角度撈候選；24 視角改為從控制圖確定性產生
artifacts/pose-atlas-rebuild/2026-08-25/mhr-neutral-body-smoke-agent-b/manual_gate_validator.ps1	342	359223579BBC7EC801A5ACB0BFF3DF04263B69638DFBFC62FA803954459B1138	逐角度撈候選；24 視角改為從控制圖確定性產生
artifacts/pose-atlas-rebuild/2026-08-25/mhr-neutral-body-smoke-agent-b/package_cpu_yaw_controls.py	5618	4C9548806D02D34A5B3365C443079259DA1F3FA716FA6D1E219F9F76ABB35861	逐角度撈候選；24 視角改為從控制圖確定性產生
artifacts/pose-atlas-rebuild/2026-08-25/mhr-neutral-body-smoke-agent-b/qa_yaw030_candidate_v2_birefnet.py	5138	62998EF8FB901B296217B52293DE3003786E42EE3678456AE164F9009BF47C05	去背模型評估；bundle 自帶 silhouette，不需去背模型
artifacts/pose-atlas-rebuild/2026-08-25/mhr-neutral-body-smoke-agent-b/render_neutral_pointcloud.py	10386	CA75E4DFAE5A952D1BEF8642C00AFD1671F97F0DD656896AFAE4CB1E5F47A7FA	逐角度撈候選；24 視角改為從控制圖確定性產生
artifacts/pose-atlas-rebuild/2026-08-25/mhr-neutral-body-smoke-agent-b/strict_rgba_art_qa.py	6478	1917D03125A8EFF8C899F2DD86E759E0D873CB62F19AA062DE26DE75E8100991	逐角度撈候選；24 視角改為從控制圖確定性產生
artifacts/pose-atlas-rebuild/2026-08-25/mhr-neutral-body-smoke-agent-b/torchscript_zip_smoke.py	4356	09FF8FBB2015817FF339FD6C8AA75251B1F7E12911323A1849CA01EEB46DF08E	逐角度撈候選；24 視角改為從控制圖確定性產生
artifacts/pose-atlas-rebuild/2026-08-25/mhr-neutral-body-smoke-agent-b/ufbx_body_identity_calculator.c	5742	001B6E837742862F475DD9867F608EBBD4158C72E6D06D0441840002F1358A41	逐角度撈候選；24 視角改為從控制圖確定性產生
artifacts/pose-atlas-rebuild/2026-08-25/mhr-neutral-body-smoke-agent-b/ufbx_identity_equivalence_extract.c	3601	188B3A86507C96652CC5D509B364FF0558266A880074AC67287A7A47FE3FE67F	逐角度撈候選；24 視角改為從控制圖確定性產生
artifacts/pose-atlas-rebuild/2026-08-25/mhr-neutral-body-smoke-agent-b/ufbx_mhr_blendshape_probe.c	5045	5F8512C0008378C2A3DDB39C0DC6D74D1DDE17752BF34CCAFEA779BF823B9FCA	逐角度撈候選；24 視角改為從控制圖確定性產生
artifacts/pose-atlas-rebuild/2026-08-25/mhr-neutral-body-smoke-agent-b/ufbx_part_id_audit.c	1016	556C82DA50995BD1D8DF83F55027749C112767CA64015AF0C003EE096FF1C517	逐角度撈候選；24 視角改為從控制圖確定性產生
artifacts/pose-atlas-rebuild/2026-08-25/mhr-neutral-body-smoke-agent-b/validate_outfit_core_separation.py	12545	AA83D9B3AB4A4E64B7C6243B3B08342F975C88EA3B21A19264EB5E36495824B0	逐角度撈候選；24 視角改為從控制圖確定性產生
artifacts/pose-atlas-rebuild/2026-08-25/mhr-neutral-body-smoke-agent-b/yaw-075-candidate-v1-audit-agent-b/audit_yaw_minus075_v1.py	3931	60AC8044F883AA3061F63460D0341AEE1F0C19F3D1322E099E605B9A06B3CCA5	逐角度撈候選；24 視角改為從控制圖確定性產生
artifacts/pose-atlas-rebuild/2026-08-25/mhr-neutral-body-smoke-agent-b/yaw-090-candidate-v1-audit-agent-b/audit_yaw_minus090_v1.py	4479	E673E508A057E71A334D312F09A094AAFF4BDA5DE12770791CBBC0247C5D1143	逐角度撈候選；24 視角改為從控制圖確定性產生
artifacts/pose-atlas-rebuild/2026-08-25/mhr-neutral-body-smoke-agent-b/yaw-135-candidate-v1-audit-agent-b/audit_yaw_minus135_v1.py	4783	3605DE5041255D64BB5DA1667CD25A84FA3070DCC56ACA194A9AB2020C0310F5	逐角度撈候選；24 視角改為從控制圖確定性產生
artifacts/pose-atlas-rebuild/2026-08-25/mhr-neutral-body-smoke-agent-b/yaw-150-candidate-v1-audit-agent-b/audit_yaw_minus150_v1.py	4412	5F5A72ADFD3E1888143ECD78A7DC8E49B3F6D2548FF1B0714DDD4ADE39D9C8C3	逐角度撈候選；24 視角改為從控制圖確定性產生
artifacts/pose-atlas-rebuild/2026-08-25/mhr-neutral-body-smoke-agent-b/yaw-150-candidate-v2-control-first-audit-agent-b/audit_yaw_minus150_v2.py	4768	5F0C68CD98DB9E6C832C74BAC5B111D87D7DC1B060AD2581E4B8AF034CC0540E	逐角度撈候選；24 視角改為從控制圖確定性產生
artifacts/pose-atlas-rebuild/2026-08-25/mhr-neutral-body-smoke-agent-b/yaw-165-candidate-v1-audit-agent-b/audit_yaw_minus165_v1.py	3774	7F18BAFFBA735782C156314BBDF69DD7FAF98931D997C5CCB3013DE3D7E40E16	逐角度撈候選；24 視角改為從控制圖確定性產生
artifacts/pose-atlas-rebuild/2026-08-25/mhr-neutral-body-smoke-agent-b/yaw-180-candidate-v1-rear-audit-agent-b/audit_yaw_minus180_v1.py	4163	CE38D3B792B39626F372D15621317CDEAD17EA6ED787C160D7035C9FE0D49979	逐角度撈候選；24 視角改為從控制圖確定性產生
artifacts/pose-atlas-rebuild/2026-08-25/mhr-neutral-body-smoke-agent-b/yaw000-b00-formal-candidate-audit-agent-b/audit_and_standardize_b00.py	8845	A1EB89CC76D53FB6774AC1009FDFD050993460A71A6C935224C118495F8B2829	逐角度撈候選；24 視角改為從控制圖確定性產生
artifacts/pose-atlas-rebuild/2026-08-25/mhr-neutral-body-smoke-agent-b/yaw000-b00-formal-candidate-audit-agent-b/make_b00_identity_contact.py	3084	4151CAC3D60B225FCBFBB483A2BEBBCE2A6ADC0CBFA9287063786976A8860883	逐角度撈候選；24 視角改為從控制圖確定性產生
artifacts/pose-atlas-rebuild/2026-08-25/mhr-neutral-body-smoke-agent-b/yaw000-face-identity-correction-candidate-v1-agent-b/audit_localized_diff.py	8364	C042711C5F8D5C295144C55D908EB9C2000561CA70256230EA2BB933CAA19DA0	逐角度撈候選；24 視角改為從控制圖確定性產生
artifacts/pose-atlas-rebuild/2026-08-25/mhr-neutral-body-smoke-agent-b/yaw000-face-identity-correction-candidate-v1-agent-b/make_face_correction_identity_contact.py	3118	755C815875AB652E978E100972F12DCBCF623B18D5CAFBC48F3852D985173423	逐角度撈候選；24 視角改為從控制圖確定性產生
artifacts/pose-atlas-rebuild/2026-08-25/mhr-neutral-body-smoke-agent-b/yaw015-approved-side-anchor-audit-agent-b/audit_and_standardize_yaw015.py	8854	DBBCE69F22856EEC949B64C734956B8CB854DCB617018FA1C5DFA96EDCC501CF	逐角度撈候選；24 視角改為從控制圖確定性產生
artifacts/pose-atlas-rebuild/2026-08-25/mhr-neutral-body-smoke-agent-b/yaw015-approved-side-anchor-audit-agent-b/make_yaw015_contacts.py	5150	5F0EF26468D9B5A09DD8F8E07C8B59F7C2559C2F1A6DED51D038277198FD3DAC	逐角度撈候選；24 視角改為從控制圖確定性產生
artifacts/pose-atlas-rebuild/2026-08-25/mhr-neutral-body-smoke-agent-b/yaw015-approved-side-anchor-audit-agent-b/make_yaw_reference_contact.py	2684	DE4318F7CC3BFBAE20963AD0300F985C7B9D02C9CFABF32677A2038109491101	逐角度撈候選；24 視角改為從控制圖確定性產生
artifacts/pose-atlas-rebuild/2026-08-25/mhr-neutral-body-smoke-agent-b/yaw030-candidate-v5-audit-agent-b/audit_yaw030_v5.py	3924	BD126E8A91CA8B7D26DBE58035B4A0DD6B86E8084C3D32D8E4479A2986AE3470	逐角度撈候選；24 視角改為從控制圖確定性產生
artifacts/pose-atlas-rebuild/2026-08-25/mhr-neutral-body-smoke-agent-b/yaw030-candidate-v8-identity-repair-audit-agent-b/audit_yaw030_v8.py	5083	188254E300859B4B6876B7D68894B004701F0C88FED7928A5B9C7EFE88EB2F34	逐角度撈候選；24 視角改為從控制圖確定性產生
artifacts/pose-atlas-rebuild/2026-08-25/mhr-neutral-body-smoke-agent-b/yaw030-v5-shoe-safe-pipeline-agent-b/build_yaw030_shoe_safety_assets.py	8705	3A1E61258A8C05A8612E24A4F1E940F41A19254B54482281A0D7E5592C08A500	逐角度撈候選；24 視角改為從控制圖確定性產生
artifacts/pose-atlas-rebuild/2026-08-25/mhr-neutral-body-smoke-agent-b/yaw030-v5-shoe-safe-pipeline-agent-b/validate_pipeline_fixtures.py	2764	84EDCE121357BB8CFC5D9690005E60B8AEA020CAA7D20568CAC66F1996102D24	逐角度撈候選；24 視角改為從控制圖確定性產生
artifacts/pose-atlas-rebuild/2026-08-25/mhr-neutral-body-smoke-agent-b/yaw030-v5-shoe-safe-pipeline-agent-b/yaw030_rgba_shoe_safe_compositor.py	6505	3DB9F6A6E8506517703C7F4E49649357618820230E45C90663A34747A207A077	逐角度撈候選；24 視角改為從控制圖確定性產生
artifacts/pose-atlas-rebuild/2026-08-25/mhr-neutral-body-smoke-agent-b/yaw045-candidate-v2-audit-agent-b/audit_yaw045_v2.py	4251	E94B78B4FD10E711B0511E1F7F5453A3A358951FE7891C2A0D512135A8EC9B28	逐角度撈候選；24 視角改為從控制圖確定性產生
artifacts/pose-atlas-rebuild/2026-08-25/mhr-neutral-body-smoke-agent-b/yaw060-candidate-v3-normal-dominant-agent-b/inspect_raw.py	837	F78361D2E5B35679ED6323BE2344E735D314240DBD17323C32E909EB9175DAC8	逐角度撈候選；24 視角改為從控制圖確定性產生
artifacts/pose-atlas-rebuild/2026-08-25/mhr-neutral-body-smoke-agent-b/yaw060-candidate-v3-normal-dominant-agent-b/make_geometry_contact.py	5723	2ECCDAB483A56A4AE5A43BABC7B58092ABE232B13546A2A7F08CBFC4048D7439	逐角度撈候選；24 視角改為從控制圖確定性產生
artifacts/pose-atlas-rebuild/2026-08-25/mhr-neutral-body-smoke-agent-b/yaw060-candidate-v4-audit-agent-b/audit_yaw060_v4.py	6180	F0895F0094216AC986A78D0E62AD2905D583E89A9E8D13C142C818208BEFC4BE	逐角度撈候選；24 視角改為從控制圖確定性產生
artifacts/pose-atlas-rebuild/2026-08-25/mhr-neutral-body-smoke-agent-b/yaw060-candidate-v6-sign-corrected-audit-agent-b/audit_yaw060_v6.py	3942	E1077E4CFA7A69B581A0408409FFEEB64AD26A466F0D0DF0F4D3F3D9EA132783	逐角度撈候選；24 視角改為從控制圖確定性產生
artifacts/pose-atlas-rebuild/2026-08-25/mhr-neutral-body-smoke-agent-b/yaw060-candidate-v7-angle-overdrive-audit-agent-b/audit_yaw060_v7.py	6384	E097D1323F3970439F7EC0C0E7FD1841B2A6DC8798C1D3AE0F75B5933F9574BD	逐角度撈候選；24 視角改為從控制圖確定性產生
artifacts/pose-atlas-rebuild/2026-08-25/mhr-neutral-body-smoke-agent-b/yaw060-candidate-v8-endpoint-bracketed-audit-agent-b/audit_yaw060_v8.py	6360	8133537FC494D79D90F7BE6D6D75836CDB2191B0634DBFF95C87ACFF58FA9164	逐角度撈候選；24 視角改為從控制圖確定性產生
artifacts/pose-atlas-rebuild/2026-08-25/mhr-neutral-body-smoke-agent-b/yaw060-candidate-v9-audit-agent-b/audit_yaw060_v9.py	6370	F95CF77842B184D5374B31BDB386AC0874C10A8B5CFF43A890B25ED032421724	逐角度撈候選；24 視角改為從控制圖確定性產生
artifacts/pose-atlas-rebuild/2026-08-25/mhr-neutral-body-smoke-agent-b/yaw075-candidate-v1-audit-agent-b/audit_yaw075_v1.py	5062	C82EBF2AE52D057914B10770BD6590E3902E3AF7ABA71655B7C73CA3F0099658	逐角度撈候選；24 視角改為從控制圖確定性產生
artifacts/pose-atlas-rebuild/2026-08-25/mhr-neutral-body-smoke-agent-b/yaw075-candidate-v2-endpoint-bracketed-audit-agent-b/audit_yaw075_v2.py	4330	8586F6B7C37F279018D6F0C25E00C99919AF62A61CDCA1ADC92781584412F85C	逐角度撈候選；24 視角改為從控制圖確定性產生
artifacts/pose-atlas-rebuild/2026-08-25/mhr-neutral-body-smoke-agent-b/yaw075-candidate-v3-midpoint-audit-agent-b/audit_yaw075_v3.py	4292	4C7152318B7CF1563515026CE30243DDCDA9107956BEA48F9B28044F328EC9D3	逐角度撈候選；24 視角改為從控制圖確定性產生
artifacts/pose-atlas-rebuild/2026-08-25/mhr-neutral-body-smoke-agent-b/yaw075-candidate-v3-v2-bracket-refresh-agent-b/audit_yaw075_v3_v2_bracket.py	4518	1B0A6C66E49CF73D308FE6F47EA3CC35E95D6024F6E5E372013008ED52A28A2E	逐角度撈候選；24 視角改為從控制圖確定性產生
artifacts/pose-atlas-rebuild/2026-08-25/mhr-neutral-body-smoke-agent-b/yaw075-candidate-v4-v5-three-endpoint-audit-agent-b/audit_yaw075_v4_v5.py	4579	B18FD7071CC73B048486B49B3343CD35887BC440985CF304C29C348493E4A246	逐角度撈候選；24 視角改為從控制圖確定性產生
artifacts/pose-atlas-rebuild/2026-08-25/mhr-neutral-body-smoke-agent-b/yaw075-candidate-v6-control-first-audit-agent-b/audit_yaw075_v6.py	3791	4EF553CEB1F800864DD549CA0B32F8591D50A1F12A1FC14815814832679D628A	逐角度撈候選；24 視角改為從控制圖確定性產生
artifacts/pose-atlas-rebuild/2026-08-25/mhr-neutral-body-smoke-agent-b/yaw075-independent-candidate-gate-agent-b/yaw075_candidate_gate.py	8959	2CC1EB33FF768895221E015CE055C937128BC84B09C483FC191580537ED164C9	逐角度撈候選；24 視角改為從控制圖確定性產生
artifacts/pose-atlas-rebuild/2026-08-25/mhr-neutral-body-smoke-agent-b/yaw075-v3-local-roi-packs-agent-b/build_roi_packs.py	13749	11ABEA932353DEBB98BC90DBD5B91269C1370D08D930B0AA2D86E6D18CE108AF	逐角度撈候選；24 視角改為從控制圖確定性產生
artifacts/pose-atlas-rebuild/2026-08-25/mhr-neutral-body-smoke-agent-b/yaw075-v3-local-roi-packs-agent-b/face_neck_safe_compositor.py	10459	170AB8882378421C035528AD878FE304627C26599C61113F27B35CD8D6FA313C	逐角度撈候選；24 視角改為從控制圖確定性產生
artifacts/pose-atlas-rebuild/2026-08-25/mhr-neutral-body-smoke-agent-b/yaw075-v3-local-roi-packs-agent-b/make_composited_face_authority_contact.py	603	6AEA43269E5BC187A39C24B2BBF20351851F40E68D1D6013AE500CB50E30E7A7	逐角度撈候選；24 視角改為從控制圖確定性產生
artifacts/pose-atlas-rebuild/2026-08-25/mhr-neutral-body-smoke-agent-b/yaw075-v3-local-roi-packs-agent-b/make_wrong_size_fixture.py	824	C64738C9B29322ABA6B2C2B55F789FADAB27BC7340BE2AA810D35C88086432C6	逐角度撈候選；24 視角改為從控制圖確定性產生
artifacts/pose-atlas-rebuild/2026-08-25/mhr-neutral-body-smoke-agent-b/yaw075-v3-local-roi-packs-agent-b/shoe-safe-compositor/analyze_semantic_protection_holes.py	3487	F76E4716BD88E5E4BD5ED9F4A344A1756951AAE50D7D2F1010F851D740B41815	逐角度撈候選；24 視角改為從控制圖確定性產生
artifacts/pose-atlas-rebuild/2026-08-25/mhr-neutral-body-smoke-agent-b/yaw075-v3-local-roi-packs-agent-b/shoe-safe-compositor/build_shoe_assets.py	5065	16CABF2901E61A8EA0EADAA3A0D761D8B8088C7C45F8C58A794B49CBC1869674	逐角度撈候選；24 視角改為從控制圖確定性產生
artifacts/pose-atlas-rebuild/2026-08-25/mhr-neutral-body-smoke-agent-b/yaw075-v3-local-roi-packs-agent-b/shoe-safe-compositor/build_skirt_geometry_protection_v3.py	5546	3BC31A114DDE957CCE6849A9D828C37266027A0F171CD9737F74AC696D70811C	逐角度撈候選；24 視角改為從控制圖確定性產生
artifacts/pose-atlas-rebuild/2026-08-25/mhr-neutral-body-smoke-agent-b/yaw075-v3-local-roi-packs-agent-b/shoe-safe-compositor/build_skirt_semantic_protection.py	4617	4FE080D82EEDB1C0CCB464021616BB517A1A4D548B3B443B475EAC65FCE9ADC2	逐角度撈候選；24 視角改為從控制圖確定性產生
artifacts/pose-atlas-rebuild/2026-08-25/mhr-neutral-body-smoke-agent-b/yaw075-v3-local-roi-packs-agent-b/shoe-safe-compositor/shoe_safe_compositor.py	3315	F6B607002107D2AE83FE7A9153B1FACD527FF56B1342D0C7E5EE5A7E723422CB	逐角度撈候選；24 視角改為從控制圖確定性產生
artifacts/pose-atlas-rebuild/2026-08-25/mhr-neutral-body-smoke-agent-b/yaw075-v3-local-roi-packs-agent-b/shoe-safe-compositor/validate_geometry_v3_candidate_gate.py	3998	417AEDDEDDE0411B8415D836799A2FA94D488D48924F5119BEFE1031C2F5E255	逐角度撈候選；24 視角改為從控制圖確定性產生
artifacts/pose-atlas-rebuild/2026-08-25/mhr-neutral-body-smoke-agent-b/yaw075-v3-local-roi-packs-agent-b/shoe-safe-compositor/validate_skirt_semantic_protection.py	2892	B0617F247D64BC0BFCD6DF0D58156A1C772E7E6D8EF411016710B26C3A883762	逐角度撈候選；24 視角改為從控制圖確定性產生
artifacts/pose-atlas-rebuild/2026-08-25/mhr-neutral-body-smoke-agent-b/yaw075-v3-local-roi-packs-agent-b/shoe-safe-compositor/write_semantic_v2_manual_gate.py	4484	7F42267B6DE4EDB1F9812235761309AFCCBB1B6AF13E6E1C633AA944D1DC6AB9	逐角度撈候選；24 視角改為從控制圖確定性產生
artifacts/pose-atlas-rebuild/2026-08-25/mhr-neutral-body-smoke-agent-b/yaw075-v3-local-roi-packs-agent-b/wic_uniform_to_fill.ps1	3511	D5735C97EC36794C5F07044CFEB7FA8F0D93580BACFDF999CB2535BBB0393903	逐角度撈候選；24 視角改為從控制圖確定性產生
artifacts/pose-atlas-rebuild/2026-08-25/mhr-neutral-body-smoke-agent-b/yaw075-v3-local-roi-packs-agent-b/wic_uniform_to_fill_exact_size.ps1	3902	12F60C993CB63178C73DA5D0B036C3A0361BB697EE72F1575A08E8695DE2D368	逐角度撈候選；24 視角改為從控制圖確定性產生
artifacts/pose-atlas-rebuild/2026-08-25/mhr-neutral-body-smoke-agent-b/yaw090-candidate-v2-audit-agent-b/audit_yaw090_v2.py	6033	CB8FB08A52466E69ABBEAAC062FCD604092F14D6994DDC5C73E5D05E7C0F6B14	逐角度撈候選；24 視角改為從控制圖確定性產生
artifacts/pose-atlas-rebuild/2026-08-25/mhr-neutral-body-smoke-agent-b/yaw135-candidate-v1-audit-agent-b/audit_yaw135_v1.py	5379	547FC31591F438FA9B387E9BCB5D231E052B9BBD2612B1CAD53396ABDE5ABEAD	逐角度撈候選；24 視角改為從控制圖確定性產生
artifacts/pose-atlas-rebuild/2026-08-25/mhr-neutral-body-smoke-agent-b/yaw165-candidate-v1-audit-agent-b/audit_yaw165_v1.py	4826	06AAA06C2FAAA401ECE0952BEFCA68C70CDA6B60F19D5F3CCED06FAC5898E9C9	逐角度撈候選；24 視角改為從控制圖確定性產生
artifacts/pose-atlas-rebuild/2026-08-25/mhr-skin-material-blocker-remediation-agent-c/audit_skin_material_inputs.py	14286	77A16B58F13D708D2B4ACD6B9F7607C31AA4AE4C7323709E4FECF21785FA5A7A	產線更換後無現行用途
artifacts/pose-atlas-rebuild/2026-08-25/mhr-skin-material-blocker-remediation-agent-c/validate_blocker_record.py	1333	07DF39699444CBF30BB8B767CD0A5D2982662D5E6A1D6F35B708C4F5DA7829B2	產線更換後無現行用途
artifacts/pose-atlas-rebuild/2026-08-25/mohan-authority-only-identity-training-manifest-agent-b/build_authority_training_dataset.py	5103	774F40475675BE46BF7F3805E4A3161DCCA60C2B37DAC9B5E7A4BA1974F87BF7	identity 訓練候選比較；LoRA v2 已定案且權重已選
artifacts/pose-atlas-rebuild/2026-08-25/mohan-authority-only-lora-dataset-agent-b/validate_readonly_recipes.py	2028	4BEC1895D830A1F590C3E388EB6F0642543D5B9B5D05349592B5F80BE275EDC7	identity 訓練候選比較；LoRA v2 已定案且權重已選
artifacts/pose-atlas-rebuild/2026-08-25/mohan-authority-only-training-independent-qa-agent-b/audit_training_dataset.py	7377	E94927BCD212E4510C4C904C77A34D84CE8E17481098CE8EF12DE5B574A5ACA5	identity 訓練候選比較；LoRA v2 已定案且權重已選
artifacts/pose-atlas-rebuild/2026-08-25/mohan-distinct-source-crop-mask-recommendations-agent-b/build_recommendations.py	5162	FF8B8A310C5C741D07391C7200C138C9ED8F71712E321A31FE772D67687EB85A	產線更換後無現行用途
artifacts/pose-atlas-rebuild/2026-08-25/mohan-distinct-source-identity-training-v1/build_distinct_dataset.py	4850	7184934472F8D6E53AC135A93A345D6FB3EA5007B7006F6557AC119109D99FD4	identity 訓練候選比較；LoRA v2 已定案且權重已選
artifacts/pose-atlas-rebuild/2026-08-25/mohan-distinct-source-identity-training-v1-independent-qa-agent-b/audit_distinct_v1.py	7017	F6D40295F793ADB89E9E5002275C1C81C39C9E84B0A2B30216DF5A0C1BBCFE70	identity 訓練候選比較；LoRA v2 已定案且權重已選
artifacts/pose-atlas-rebuild/2026-08-25/mohan-distinct-source-identity-training-v2/build_recrop_preview.py	2688	F6A16F88A345836E573AD76AD63A8D9FAA18801574D5B1A98C6739D0CD4E97F4	identity 訓練候選比較；LoRA v2 已定案且權重已選
artifacts/pose-atlas-rebuild/2026-08-25/mohan-distinct-source-identity-training-v2/build_v2_dataset.py	8173	3E8BF0C1742EFAF076F6A7562400DDF5468F67A9E56AAF93E2B1DC507C84B6D0	identity 訓練候選比較；LoRA v2 已定案且權重已選
artifacts/pose-atlas-rebuild/2026-08-25/mohan-distinct-source-identity-training-v2-independent-qa-agent-b/audit_v2.py	3876	5182C139A25288A392130F8FEB6FD0F263D09B77EDCF2C3BFBF332679029FA75	identity 訓練候選比較；LoRA v2 已定案且權重已選
artifacts/pose-atlas-rebuild/2026-08-25/mohan-distinct-source-identity-training-v2-independent-qa-agent-b/audit_v2_r2.py	3435	DEDA1313252E9A7B5D6A39965A640BAC924D66BCA3C5277945F03FA4C6FD4A44	identity 訓練候選比較；LoRA v2 已定案且權重已選
artifacts/pose-atlas-rebuild/2026-08-25/mohan-distinct-source-identity-training-v2-independent-qa-agent-b/audit_v2_r3_technical.py	3499	B88E7EF3BA05755108C7DAA5C0DB0EF156609C5F5322FBC42891BFDF009CB758	identity 訓練候選比較；LoRA v2 已定案且權重已選
artifacts/pose-atlas-rebuild/2026-08-25/mohan-distinct-source-identity-training-v2-independent-qa-agent-b/promote_v2_r3.py	3148	EFAA2FD03A7D29CBD24C386AA99A2E366038D404EC4D8569A6733953BC90A8A9	identity 訓練候選比較；LoRA v2 已定案且權重已選
artifacts/pose-atlas-rebuild/2026-08-25/mohan-face-only-identity-training-v3-staging-agent-b/build_face_only_v3.py	6869	2DCB70A24C8274D6CAEB21829BDBA44AA88EC2D7DF0650E3F4D82359D061040D	臉部遮罩路線；identity 已改由 LoRA v2 承擔
artifacts/pose-atlas-rebuild/2026-08-25/mohan-face-only-identity-training-v3-staging-agent-b/fail_closed_review.py	2118	5C218BD07C491F206ADEA93EC793E36E81C90C6E42A880D68081D11635BE5C81	臉部遮罩路線；identity 已改由 LoRA v2 承擔
artifacts/pose-atlas-rebuild/2026-08-25/mohan-face-upper-hair-crops-agent-b/build_candidates.py	10978	95D4CBEB52F874C3A1E8A20508684774E05164D999166CFEEC80C42A35E65F6C	逐角度撈候選；24 視角改為從控制圖確定性產生
artifacts/pose-atlas-rebuild/2026-08-25/mohan-face-upper-hair-crops-agent-b/validate_candidates.py	2040	B8977463F8AD08A30402725EC92B22A05B792100D318B9F98F0C28C72C66B0AA	逐角度撈候選；24 視角改為從控制圖確定性產生
artifacts/pose-atlas-rebuild/2026-08-25/mohan-identity-12-distinct-source-dataset-agent-b/build_distinct_dataset.py	7595	80DBA9F59EA636A07318C72DB78CB68397FE7B02D37712164EF89E48E0E7DEC0	產線更換後無現行用途
artifacts/pose-atlas-rebuild/2026-08-25/mohan-identity-training-data-revision-proposal-agent-b/build_proposal.py	8588	53E7D4D3A51FF5DE53E84FE60A889A3C16D10DEECAC33C331E9DEEB979CCF812	identity 訓練候選比較；LoRA v2 已定案且權重已選
artifacts/pose-atlas-rebuild/2026-08-25/mohan-identity-training-v4-seven-source-staging-agent-b/build_v4_staging.py	9397	2487F00172A5CA20B3589D86B77D74EB1237C85AA2CDFC36E4123BA8D50936AF	identity 訓練候選比較；LoRA v2 已定案且權重已選
artifacts/pose-atlas-rebuild/2026-08-25/mohan-idle-identity-crops-staging-agent-b/build_crops.py	8950	95B71C246D2D66921510C5908E55FD2965B8ACFF6021EFA384E86E4F1AA71189	逐角度撈候選；24 視角改為從控制圖確定性產生
artifacts/pose-atlas-rebuild/2026-08-25/mohan-idle-identity-crops-staging-agent-b/manual_gate.py	1861	1E76258F736D97244A9D2556446B33B83D4CE5F5C602757F700B7092B2DE86E9	逐角度撈候選；24 視角改為從控制圖確定性產生
artifacts/pose-atlas-rebuild/2026-08-25/mohan-idle-identity-crops-staging-agent-b/validate_crops.py	3635	865ED9D9CB78552F69499EE8F11C8FF26A00F2AABA2FEA2A8D1164ABD93FC992	逐角度撈候選；24 視角改為從控制圖確定性產生
artifacts/pose-atlas-rebuild/2026-08-25/mohan-seq16-jaw-chin-relabel-agent-b/build_grid.py	768	A9AB91E46980CA2C5871C631028165ACA880488AFFFBA85827A88E529C6CFABE	產線更換後無現行用途
artifacts/pose-atlas-rebuild/2026-08-25/mohan-seq16-jaw-chin-relabel-agent-b/build_relabel.py	2867	F08F8AB5DF785BA402F434C481A52D37EC41EE04757802CE0AC42F0F35C09CFA	產線更換後無現行用途
artifacts/pose-atlas-rebuild/2026-08-25/mohan-v2-r3-dataset-cpu-audit-main/audit_v2_r3.py	8590	90E8439C7EF2BB8ED010D2ABF7931CE60A4D7B510A96FD6C00095D965D79B085	產線更換後無現行用途
artifacts/pose-atlas-rebuild/2026-08-25/mohan-v3-owner-review-12-main/apply_owner_approval.py	4372	A6587FDC04E3B967C720622D0AC2D6C68CE701B951BD5AB727DAF674DB49B2D4	產線更換後無現行用途
artifacts/pose-atlas-rebuild/2026-08-25/mohan-v3-owner-review-12-main/build_owner_review_12.py	7903	6D77A401E68418003273AA7941E66DB74F050FB7B262290EB2251315EB8BC18F	產線更換後無現行用途
artifacts/pose-atlas-rebuild/2026-08-25/mohan-v3-owner-review-12-main/build_regional_review.py	18664	A95392199260F6766501D84CA3350DF70F59655D804712F3A10113A663C25538	產線更換後無現行用途
artifacts/pose-atlas-rebuild/2026-08-25/mohan-v3-owner-review-12-main/validate_owner_bound_gate.py	4048	23522173228E4C1E3E5CFD3EEDB518B155054771656499501E4000F9FA51755A	產線更換後無現行用途
artifacts/pose-atlas-rebuild/2026-08-25/mohan-v3-pure-face-mask-main/build_v3_pure_face_masks.py	13827	45FAE208471A008D8FC02DED47118EECA84ECC668CC0B78A1F947B37CD95B55A	臉部遮罩路線；identity 已改由 LoRA v2 承擔
artifacts/pose-atlas-rebuild/2026-08-25/mohan-v3-pure-face-mask-r10-agent-b/build_r10.py	6686	7D6D834FA54AB8F17D5084111B65D7B65442660EA9C4A64076F3E22D1645A285	臉部遮罩路線；identity 已改由 LoRA v2 承擔
artifacts/pose-atlas-rebuild/2026-08-25/mohan-v3-pure-face-mask-r10-agent-b/validate_r10.py	1285	512E1AA8AC0F8F743780DC10F4C7C6DB0D29239D563CD53C9B7812D645B07A89	臉部遮罩路線；identity 已改由 LoRA v2 承擔
artifacts/pose-atlas-rebuild/2026-08-25/mohan-v3-pure-face-mask-r11-repair-main/build_r11_repairs.py	14710	886CC1A6E7E554711BD2CDE8F190361D65E12362257A5F52C5F7B48E6282E96F	臉部遮罩路線；identity 已改由 LoRA v2 承擔
artifacts/pose-atlas-rebuild/2026-08-25/mohan-v3-pure-face-mask-r11-repair-main/replay_revision_h.py	689	3AF87895045B500B22BAE98BB00CEA402F7C02B7A125AB79E5FBCE15DCB9856F	臉部遮罩路線；identity 已改由 LoRA v2 承擔
artifacts/pose-atlas-rebuild/2026-08-25/mohan-v3-pure-face-mask-r12-agent-b/build_r12.py	9520	C1BE2BFAB2BFB80C512106A5C9D0520AC821D991F8F3F3D12A7C52BA5D07C260	臉部遮罩路線；identity 已改由 LoRA v2 承擔
artifacts/pose-atlas-rebuild/2026-08-25/mohan-v3-pure-face-mask-r12-agent-b/validate_r12.py	4470	06EDA442E91CABDD1543592976017A3B658D22CDBF6DAAE0A191EA547A73B01C	臉部遮罩路線；identity 已改由 LoRA v2 承擔
artifacts/pose-atlas-rebuild/2026-08-25/mohan-v3-pure-face-mask-r13-agent-b/build_r13.py	10820	AF6D3C5A7006A9F835D1714B377819777BAA8CDE27A5BCBF6865A146345C6749	臉部遮罩路線；identity 已改由 LoRA v2 承擔
artifacts/pose-atlas-rebuild/2026-08-25/mohan-v3-pure-face-mask-r8-agent-b/build_r8.py	9974	7F32B5BCC68601751428ADB661D80D61B216173A242C11A000EAD55A13642BA4	臉部遮罩路線；identity 已改由 LoRA v2 承擔
artifacts/pose-atlas-rebuild/2026-08-25/mohan-v3-pure-face-mask-r8-agent-b/validate_r8_manual.py	1199	B1046746131EEFB3D7A1BC020457B0307A57E356C093661A349B56897D5CD3DA	臉部遮罩路線；identity 已改由 LoRA v2 承擔
artifacts/pose-atlas-rebuild/2026-08-25/mohan-v3-pure-face-mask-r9-agent-b/build_grid.py	1128	465921EA6D8E401F2784F9A5F9EF047CFB8E5C0606DF72E97D0B0228250E545E	臉部遮罩路線；identity 已改由 LoRA v2 承擔
artifacts/pose-atlas-rebuild/2026-08-25/mohan-v3-pure-face-mask-r9-agent-b/build_r9.py	6617	77A0087A395D1A969A4A280C00A107B441CC60A32583BB3489D6942D22F0408B	臉部遮罩路線；identity 已改由 LoRA v2 承擔
artifacts/pose-atlas-rebuild/2026-08-25/mohan-v3-pure-face-mask-r9-agent-b/validate_r9.py	1348	C17495A577740FAF1FD638C4D1680C0468D6FDC9DCB3812F6A7CD6298332D599	臉部遮罩路線；identity 已改由 LoRA v2 承擔
artifacts/pose-atlas-rebuild/2026-08-25/mohan-v4-heldout-validation-suite-agent-b/build_heldout_suite.py	10688	5819A06763D464D0AF51CEC3726BCDBE837AE33F7661EF7656768965613ED604	產線更換後無現行用途
artifacts/pose-atlas-rebuild/2026-08-25/mohan-v4-seven-source-independent-admission-qa-agent-b/build_independent_qa.py	7415	90974977DD4847B50067AFA4734069802B9CBA98C3C0BF58824B113606E9E315	identity 訓練候選比較；LoRA v2 已定案且權重已選
artifacts/pose-atlas-rebuild/2026-08-25/mohan-v4-seven-source-user-review-pack-agent-b/build_user_review_pack.py	8374	5A6D08815E3E026057FDCAE32D495D75B4154141C2B0CCFCBBE0DC3779ECEC1F	identity 訓練候選比較；LoRA v2 已定案且權重已選
artifacts/pose-atlas-rebuild/2026-08-25/negative-near-side-cpu-staging-agent-b/build_negative_staging.py	5276	32762FEEC821370796EBAF4A2596EE97886E6C94DAE95D2AFA6B88208B2D61F7	逐角度撈候選；24 視角改為從控制圖確定性產生
artifacts/pose-atlas-rebuild/2026-08-25/negative-side-060-090-cpu-staging-agent-b/build_negative_staging.py	5122	70EF18167422F03ABEC00CC36D3928A5D08AB63A0C742DB59A9B20ED77247089	逐角度撈候選；24 視角改為從控制圖確定性產生
artifacts/pose-atlas-rebuild/2026-08-25/official-diffusers-flux-lora-preflight-main/preflight_official_diffusers_flux_lora.py	14585	A7CC958B0C754CCC589FEDC90AE411DB851B91F514DC5225C2086368AC8E2A48	Flux／Qwen 系試驗；現行產線為 Chroma1-HD
artifacts/pose-atlas-rebuild/2026-08-25/ornament-authority-pack-candidate/build_ornament_authority_pack.py	10374	ED2CE27906A7E85B270316C7EB7BD29055E776C244852820EC61833CD31E894D	逐角度撈候選；24 視角改為從控制圖確定性產生
artifacts/pose-atlas-rebuild/2026-08-25/orthographic-separated-controls-24-agent-b/preflight.py	1932	6F93A3037EABE99E21B19FECE7F06BC7DF662F9CDB6899D32F2812B04F124DBF	產線更換後無現行用途
artifacts/pose-atlas-rebuild/2026-08-25/outfit-body-skin-pipeline-validator-agent-a/generate_fixtures.py	4511	57278D0816FEF5BB43C6613D26B228CE0811D1B18D0437D1B9C73ADEB18F5B8D	逐角度撈候選；24 視角改為從控制圖確定性產生
artifacts/pose-atlas-rebuild/2026-08-25/outfit-body-skin-pipeline-validator-agent-a/run_fixture_suite.py	2540	5B612E568C495382CAF99A963660AD2F53B8C64FE3C8882D5E3C3320660708E6	逐角度撈候選；24 視角改為從控制圖確定性產生
artifacts/pose-atlas-rebuild/2026-08-25/outfit-body-skin-pipeline-validator-agent-a/validate_pipeline_contract.py	9765	17CF64F1AAE8C7F9238FBE2A921CB37827825CE987518B2D93E9DB917618BC16	產線更換後無現行用途
artifacts/pose-atlas-rebuild/2026-08-25/owner12-exact-binding-repair-plan-main/build_owner12_exact_binding_repair_plan.py	13776	343EA34D3600B78DB1CC185F31BE87DF4BA472B709A1B9217A88EC4572EC264D	產線更換後無現行用途
artifacts/pose-atlas-rebuild/2026-08-25/owner12-exact-binding-repair-plan-main/test_owner12_exact_binding_fixtures.py	1653	15E72B77E8DF8CEEEEA6150919AB8CCA9A62FFE5F53CE179F1A9E05CF708CD78	逐角度撈候選；24 視角改為從控制圖確定性產生
artifacts/pose-atlas-rebuild/2026-08-25/owner12-exact-binding-repair-plan-main/validate_owner12_exact_binding.py	4130	ECDC2B8B9E6653B816DEF9CA581C7A178A93FF50D5FD9B467BB260EF22BB58E7	產線更換後無現行用途
artifacts/pose-atlas-rebuild/2026-08-25/pose-atlas-24-view-inventory-agent-b/build_inventory.py	5015	AC91BA66425A9C46E3D47BA5A048CA224863E9A05CFABABBFA6C9377160F6D1A	產線更換後無現行用途
artifacts/pose-atlas-rebuild/2026-08-25/poseatlas-yunchangge-vnext-mapping-agent-c/validate_mapping.py	2478	EDEB9EDD99B587504215C1B0523BC7680733432F53206C68FC390E1701286EBD	產線更換後無現行用途
artifacts/pose-atlas-rebuild/2026-08-25/positive-side-060-135-cpu-staging-agent-b/build_positive_staging.py	10609	699B73F17AF13F1FD24CBAC4E7315686B3D44A3827D637BBCD5141246765185E	逐角度撈候選；24 視角改為從控制圖確定性產生
artifacts/pose-atlas-rebuild/2026-08-25/positive-side-060-135-cpu-staging-agent-b/normalize_runner_output.py	1215	3DB1F477403E64F8164B7E8295CA479B189D7E5EFC8A68BB23D811B7CDAF805A	逐角度撈候選；24 視角改為從控制圖確定性產生
artifacts/pose-atlas-rebuild/2026-08-25/procedural-neutral-adult-skin-v1-agent-c/package_and_qa.py	9240	3263D3C8DF61674DBA380633F67C9D41F4DE0EA0A89AF4617B631BE615E5031F	產線更換後無現行用途
artifacts/pose-atlas-rebuild/2026-08-25/procedural-neutral-adult-skin-v1-agent-c/render_procedural_skin.c	10002	EA58BD42E2C5DED946753198380B5C5063D9D9574BBC6B7AA13EAA3C0743679F	產線更換後無現行用途
artifacts/pose-atlas-rebuild/2026-08-25/production-cleanup-readonly-agent-a/build_inventory.py	6039	A6667FCF8A741A5473AD333B946B1D0AFE57375A7695A66BF9B1903F0610B646	產線更換後無現行用途
artifacts/pose-atlas-rebuild/2026-08-25/pure-face-alternate-source-audit-agent-b/build_audit.py	7983	1B51840CD3D028A817E5C8CC7E86FC260782DD88FBB4A73DCAACA0A3F65F4432	臉部遮罩路線；identity 已改由 LoRA v2 承擔
artifacts/pose-atlas-rebuild/2026-08-25/pure-face-mask-r7-manual-audit-agent-b/build_evidence.py	3865	971A4191B6E4E47732B7BC5ED9FEE1A1F3602287B68C3BD989E5CADF75AAE8D3	臉部遮罩路線；identity 已改由 LoRA v2 承擔
artifacts/pose-atlas-rebuild/2026-08-25/pure-face-mask-r7-manual-audit-agent-b/validate_manual_audit.py	1006	C43FE33D0AF140BF082613AF55AB6440146437ADF6C1789BC6F46032E2CD9AB0	臉部遮罩路線；identity 已改由 LoRA v2 承擔
artifacts/pose-atlas-rebuild/2026-08-25/pure-face-mask-v3-validator-agent-c/build_fixture_board.py	2376	B7A9ABC37071E5755883A08580DB25F0E5FBD85177638A81EB383DB3777E2914	臉部遮罩路線；identity 已改由 LoRA v2 承擔
artifacts/pose-atlas-rebuild/2026-08-25/pure-face-mask-v3-validator-agent-c/build_fixtures.py	5060	A89B5A9486795EB801DA4EFDB311B792FF9A854D0A6417F11C400C7C80147B98	臉部遮罩路線；identity 已改由 LoRA v2 承擔
artifacts/pose-atlas-rebuild/2026-08-25/pure-face-mask-v3-validator-agent-c/run_fixture_suite.py	2220	BCA8798AD6C350B9BC2BC858EDB1AC60459E551EF36B6C0DB6D3E75DF7D2B771	臉部遮罩路線；identity 已改由 LoRA v2 承擔
artifacts/pose-atlas-rebuild/2026-08-25/pure-face-mask-v3-validator-agent-c/validate_pure_face_mask_v3.py	10971	3B22E4A83A1806085D7AA633035F3F48AABEEA6F9A5C2516BB94F26614BB779E	臉部遮罩路線；identity 已改由 LoRA v2 承擔
artifacts/pose-atlas-rebuild/2026-08-25/pure-face-r9-freeze-r10-scope-agent-c/validate_r10_change_scope.py	2797	AF225707508D518B4134584D0D8C6BF4BE539585DFF5F68DFEE47957FA3BF33B	臉部遮罩路線；identity 已改由 LoRA v2 承擔
artifacts/pose-atlas-rebuild/2026-08-25/pure-face-r9-freeze-r10-scope-corrected-agent-c/validate_correct_scope.py	2782	99F5281489E60B594F4A7DF5A5DC29F8EDBC376565C8C4C7D8CEF2E34D62F9C6	臉部遮罩路線；identity 已改由 LoRA v2 承擔
artifacts/pose-atlas-rebuild/2026-08-25/pure-face-v3-ornament-metadata-agent-c/build_ornament_manifest.py	7555	A748AB4607C26AA029B9244F779785A226C3EF4A75F14A211EBBD74CA56760A5	臉部遮罩路線；identity 已改由 LoRA v2 承擔
artifacts/pose-atlas-rebuild/2026-08-25/pure-face-v3-ornament-metadata-agent-c/validate_ornament_manifest.py	4032	7CE95FD3441BDE62EC2AB608F2C70F9358F87D1DFE45DF801C7F4317276BFA93	臉部遮罩路線；identity 已改由 LoRA v2 承擔
artifacts/pose-atlas-rebuild/2026-08-25/pure-face-v3-ornament-metadata-agent-c/validator_selftest.py	1212	79489D677B4030D9BC2C75850CDA4CA953CE60F6F52780F5BE9F754E3B535B9D	臉部遮罩路線；identity 已改由 LoRA v2 承擔
artifacts/pose-atlas-rebuild/2026-08-25/pure-face-v3-r11-fail-closed-qa-agent-c/validate_r11.py	8386	827FF321622B152E1992B6D6E9021856CCD2BB556002A0354C7B7C3A0D825A7D	臉部遮罩路線；identity 已改由 LoRA v2 承擔
artifacts/pose-atlas-rebuild/2026-08-25/pure-face-v3-r12-independent-qa-agent-c/audit_lora_owner12_controls_provenance.py	12128	C8410BB573284859CDA4544C7970323C79D3285EA86668E0C00AAC768222422B	臉部遮罩路線；identity 已改由 LoRA v2 承擔
artifacts/pose-atlas-rebuild/2026-08-25/pure-face-v3-r12-independent-qa-agent-c/audit_owner10_source_chain.py	9797	BEF25D50A93512D15F52377343AB6611CAF2E8409B765DF8840559C9744ECFB0	臉部遮罩路線；identity 已改由 LoRA v2 承擔
artifacts/pose-atlas-rebuild/2026-08-25/pure-face-v3-r12-independent-qa-agent-c/validate_agent_b_r13_independent.py	5822	DED4A32908189CCD0CDAF59EEB1B186D9115F6A5BB765A3585DF1BD2078D1B36	臉部遮罩路線；identity 已改由 LoRA v2 承擔
artifacts/pose-atlas-rebuild/2026-08-25/pure-face-v3-r12-independent-qa-agent-c/validate_revision_l_scope.py	9635	3D76770D4118C2A89E8A4AFE2BB0C2AB2E131F26BC437EDEEA52F0479DFCE090	臉部遮罩路線；identity 已改由 LoRA v2 承擔
artifacts/pose-atlas-rebuild/2026-08-25/pure-face-v3-r12-independent-qa-agent-c/validate_seq17_revision_scope.py	3295	1434DF91527241284ED92F362EA68EFC1AD9D511AC5747C8506F4E6C2D8B9D32	臉部遮罩路線；identity 已改由 LoRA v2 承擔
artifacts/pose-atlas-rebuild/2026-08-25/pure-face-v3-r12-local-repair-gate-agent-c/validate_agent_b_r12_independent.py	7406	398E2AEE540C455D6C21027476656D6FA47ECA7787417F570900F53E5FAF663F	臉部遮罩路線；identity 已改由 LoRA v2 承擔
artifacts/pose-atlas-rebuild/2026-08-25/pure-face-v3-r12-local-repair-gate-agent-c/validate_r12_local_repair.py	5525	F3861046C615CA34D2728680B55A075B398C789990919C618D71CC1F9B5DF6D9	臉部遮罩路線；identity 已改由 LoRA v2 承擔
artifacts/pose-atlas-rebuild/2026-08-25/pure-face-v3-r7-ornament-diff-agent-c/validate_r7_against_ornament_manifest.py	8103	15508D45918697DF4ECAA7ECF139D5D7D56C91D16E8E0C175554E145A9289017	臉部遮罩路線；identity 已改由 LoRA v2 承擔
artifacts/pose-atlas-rebuild/2026-08-25/pure-face-v3-r8-fail-closed-qa-agent-c/validate_r8_fail_closed.py	8706	AB773B1FC45B3C9436E658A289A091D219C1D3D80C84A923F6851E4462D82DA2	臉部遮罩路線；identity 已改由 LoRA v2 承擔
artifacts/pose-atlas-rebuild/2026-08-25/qwen-env-license-gate-agent-a/audit_qwen_env.py	8652	61C0391B93F62556D1E38EC63440CA551D4F3A9374365A90672364B3D81B316D	Flux／Qwen 系試驗；現行產線為 Chroma1-HD
artifacts/pose-atlas-rebuild/2026-08-25/qwen2509-api-preflight-agent-b/build_and_post_qwen2509_api.py	4031	809ED61CEE5E766353E08573740BF4D01CFBD656DEF42608A83C037FFBF2D379	Flux／Qwen 系試驗；現行產線為 Chroma1-HD
artifacts/pose-atlas-rebuild/2026-08-25/qwen2509-bnb-auto-split-main/probe_transformer_load.py	2198	DF95B2FFF22ED8FE24D0EE274E953F90FF9989184E6D282CD01591E1F35C8B58	Flux／Qwen 系試驗；現行產線為 Chroma1-HD
artifacts/pose-atlas-rebuild/2026-08-25/qwen2509-bnb-load-only-fix-agent-a/minimal_load_only_patch.py	633	153CD4044C80467C035F166482C4C4019A92FEA1F42A62834DC192D421EC143E	Flux／Qwen 系試驗；現行產線為 Chroma1-HD
artifacts/pose-atlas-rebuild/2026-08-25/qwen2509-bnb-load-only-fix-agent-a/probe_bnb_cpu_nf4.py	4339	5452915401B848E149FB8E1D10A4187966B0EB092379F796C842E3EA2353B68C	Flux／Qwen 系試驗；現行產線為 Chroma1-HD
artifacts/pose-atlas-rebuild/2026-08-25/qwen2509-commercial-compatibility-agent-a/qwen_offline_probe.py	2680	73ACDBFD838C8440599F7E784D3288AC28B6EFB7AF802F9CC6D65310CAAC009E	Flux／Qwen 系試驗；現行產線為 Chroma1-HD
artifacts/pose-atlas-rebuild/2026-08-25/qwen2509-download-monitor-agent-a/monitor.ps1	3103	C9EF2C611213C48A50787A0BC1AC661861978C6EF8753757C52815DA44D69A82	Flux／Qwen 系試驗；現行產線為 Chroma1-HD
artifacts/pose-atlas-rebuild/2026-08-25/qwen2509-download-prep-agent-a/download_snapshot.py	1179	108E0B43E059554239FAB2C1680A30EF471C1D8E5A2C61517A11DF75A74EE5D9	Flux／Qwen 系試驗；現行產線為 Chroma1-HD
artifacts/pose-atlas-rebuild/2026-08-25/qwen2509-download-prep-agent-a/probe_official_metadata.py	1823	95BBF5453F1C825592147BDDAD3EA8237C30EAF73C2DFD07DE663154CD37D53A	Flux／Qwen 系試驗；現行產線為 Chroma1-HD
artifacts/pose-atlas-rebuild/2026-08-25/qwen2509-download-prep-agent-a/run-download.ps1	792	C981AC95A8612A17B3CDFF510EA60017A4DA63BDF1264AC6070FB41939482395	Flux／Qwen 系試驗；現行產線為 Chroma1-HD
artifacts/pose-atlas-rebuild/2026-08-25/qwen2509-download-prep-agent-a/verify_snapshot.py	1877	43E47AFD467C9C0AEEB791F3DEDF02CC3815047CE22C114F4B484B79C67D3B6D	Flux／Qwen 系試驗；現行產線為 Chroma1-HD
artifacts/pose-atlas-rebuild/2026-08-25/qwen2509-inpaint-api-audit-agent-a/probe.py	5131	BC7E55943B5D5D9DE95FF1E8035A20E49D2B3CE15DC6EAB9967D2B066270F110	Flux／Qwen 系試驗；現行產線為 Chroma1-HD
artifacts/pose-atlas-rebuild/2026-08-25/qwen2509-inpaint-execution-pack-fixed-agent-a/qwen2509_inpaint_local.py	8881	BC7A221BC1B14131EF1384D4E6732051173912EB3232D2CA8C7DFFE2E7EC79D9	Flux／Qwen 系試驗；現行產線為 Chroma1-HD
artifacts/pose-atlas-rebuild/2026-08-25/qwen2509-inpaint-loader-staging-agent-b/qwen2509_inpaint_local.py	8407	0AA1B398E52CA0BF8D9BCB9F1FD23BCDE7E26CF01C9E7B49738E3F9F8CCF5FC5	Flux／Qwen 系試驗；現行產線為 Chroma1-HD
artifacts/pose-atlas-rebuild/2026-08-25/qwen2509-loader-mask-audit-agent-b/audit_local.py	3215	23E879B4CEAA0C83E35CFCBB027603CE191E3C227FE9BC6675CCCA82D0007141	Flux／Qwen 系試驗；現行產線為 Chroma1-HD
artifacts/pose-atlas-rebuild/2026-08-25/qwen2509-lowvram-loader-agent-a/loader_draft.py	3814	3F6A22576DF7E79D36F78FCBE04E3A8CAB75A4AC5B6B27861DABC736158C99A2	Flux／Qwen 系試驗；現行產線為 Chroma1-HD
artifacts/pose-atlas-rebuild/2026-08-25/qwen2509-lowvram-loader-agent-a/probe_api.py	4618	2162F366196841D31906BEC0C059922834C0A88A648AB50CDD35CEFEACAE9C3D	Flux／Qwen 系試驗；現行產線為 Chroma1-HD
artifacts/pose-atlas-rebuild/2026-08-25/qwen2509-multi-image-geometry-preflight-agent-a/preflight_multi_image.py	6967	74AC42D29C125C8D54F56B98A23D75223D48DD75FFB0608D464D244CC0F7F982	Flux／Qwen 系試驗；現行產線為 Chroma1-HD
artifacts/pose-atlas-rebuild/2026-08-25/qwen2509-multi-image-geometry-preflight-agent-a/validate.py	894	4AA510096A2E9B91F3E9550A94F35CFD4DCF2D9FECB04EB3D8D79DDA752BDD9F	Flux／Qwen 系試驗；現行產線為 Chroma1-HD
artifacts/pose-atlas-rebuild/2026-08-25/qwen2509-nf4-probe-main/nf4_probe.py	2848	EC897BF057B326D76C6E34BB9AE99FE66AD728BED161320B33E1A30BB62C9C6E	Flux／Qwen 系試驗；現行產線為 Chroma1-HD
artifacts/pose-atlas-rebuild/2026-08-25/qwen2509-stage1-embeddings-runner-agent-a/stage1_encode_embeddings.py	15458	5120E8A8C5F77E42AA7F6292F4AC669858E159080739CA6BA6F9D86B044F56AF	Flux／Qwen 系試驗；現行產線為 Chroma1-HD
artifacts/pose-atlas-rebuild/2026-08-25/qwen2509-stage1-embeddings-runner-agent-a/stage2_embedding_contract.py	3236	7AD6DE103D1965EDB8742177FFE500CCD9C5592661AF983EB97561B2569CE6B0	Flux／Qwen 系試驗；現行產線為 Chroma1-HD
artifacts/pose-atlas-rebuild/2026-08-25/qwen2509-stage1-embeddings-runner-agent-a/verify_dry_run.py	2409	A6D25718DD9AFF74DB3E4620B16C0EE6D827D6A096079E6964183B7BF465FBBF	Flux／Qwen 系試驗；現行產線為 Chroma1-HD
artifacts/pose-atlas-rebuild/2026-08-25/qwen2509-stage2-pipeline-contract-agent-a/probe_stage2_contract.py	5923	1CCD9D8DE61952465A0DD689F0104D459BE63E31ECE29DAC306391B17C84AB4C	Flux／Qwen 系試驗；現行產線為 Chroma1-HD
artifacts/pose-atlas-rebuild/2026-08-25/qwen2509-stage2-pipeline-contract-agent-a/stage2_minimal_contract.py	1369	5B04733862269DD3B8CBE24CB3E0AB9E484A37BB97B31E909D9C72DC67825DB6	Flux／Qwen 系試驗；現行產線為 Chroma1-HD
artifacts/pose-atlas-rebuild/2026-08-25/qwen2509-standalone-preflight-agent-b/preflight_standalone_qwen.py	5968	7786DDC55811CAF954B9A9FB4C8F21360C47D583EDFAD9134103BC2091E92449	Flux／Qwen 系試驗；現行產線為 Chroma1-HD
artifacts/pose-atlas-rebuild/2026-08-25/qwen2509-yaw045-face-neck-execution-pack-agent-b/qa_face_neck.py	5156	7CB36BAA316C85FC54680B2D75DE0D8664CE8878998F7225F3FD9B6A612DDC25	臉部遮罩路線；identity 已改由 LoRA v2 承擔
artifacts/pose-atlas-rebuild/2026-08-25/qwen2509-yaw045-face-neck-execution-pack-agent-b/run_sequence.py	5331	63E498C955F8B5AF8D8EDF2255026EF7C5037D0DF0C3A45D2CC5B4777647A1F4	臉部遮罩路線；identity 已改由 LoRA v2 承擔
artifacts/pose-atlas-rebuild/2026-08-25/qwen2509-yaw045-soft-geometry-execution-packs-agent-a/A-candidate-silhouette-depth/validate_pack.py	1965	70797EF18C64B802FC37D1D6909069944506326D9536FA3733922EBA6B788BEC	Flux／Qwen 系試驗；現行產線為 Chroma1-HD
artifacts/pose-atlas-rebuild/2026-08-25/qwen2509-yaw045-soft-geometry-execution-packs-agent-a/B-candidate-silhouette-normal/validate_pack.py	1965	70797EF18C64B802FC37D1D6909069944506326D9536FA3733922EBA6B788BEC	Flux／Qwen 系試驗；現行產線為 Chroma1-HD
artifacts/pose-atlas-rebuild/2026-08-25/qwen2509-yaw045-soft-geometry-execution-packs-agent-a/build_packs.py	9729	36CD9416A05B49ECB3CE3779F5F5811B822822A4024ECEB1055C8102EB24D57F	Flux／Qwen 系試驗；現行產線為 Chroma1-HD
artifacts/pose-atlas-rebuild/2026-08-25/qwen2509-yaw045-soft-geometry-execution-packs-agent-a/validate_pack.py	1965	70797EF18C64B802FC37D1D6909069944506326D9536FA3733922EBA6B788BEC	Flux／Qwen 系試驗；現行產線為 Chroma1-HD
artifacts/pose-atlas-rebuild/2026-08-25/runtime-outfit-dlc-contract-audit-agent-a/audit_contract.py	7303	0DAB4468A153FC6B451D5F8E9DE4E6DBB32A8EB82F450CABC0C4D57F5D18EFDD	產線更換後無現行用途
artifacts/pose-atlas-rebuild/2026-08-25/self-training-admission-agent-a/validate_self_training.py	3071	08104ABB7C8EA247F736A12C993BD7A06868A4FF080ABA14CADA90D1214BF372	產線更換後無現行用途
artifacts/pose-atlas-rebuild/2026-08-25/seq01-02-face-core-hole-minimal-repair-main/build_minimal_hole_fill_candidate.py	12861	D2DE7BC40697D7236A96BB1184AA362EBBAF28C03715C0E59937587285F5EB95	臉部遮罩路線；identity 已改由 LoRA v2 承擔
artifacts/pose-atlas-rebuild/2026-08-25/seq01-02-face-core-hole-minimal-repair-main/validate_repaired_candidate.py	11881	09EC82010B9F7467CB8380BDDFD9E6FBBDD446510B53A8527DE99519839D8F36	臉部遮罩路線；identity 已改由 LoRA v2 承擔
artifacts/pose-atlas-rebuild/2026-08-25/seq01-02-independent-machine-qa-and-loader-dry-run-main/promote_after_all_artifact_gates.py	1302	BB72173F5CBF4D6599746B72F6892F70E266793053E11BB6AAC92A73FBF22F89	產線更換後無現行用途
artifacts/pose-atlas-rebuild/2026-08-25/seq01-02-independent-machine-qa-and-loader-dry-run-main/run_independent_machine_qa.py	20126	CF3053D42BA0490FCCB017F63FDD03C1A2309ABF00E8F8960ABD8C9C2C424022	產線更換後無現行用途
artifacts/pose-atlas-rebuild/2026-08-25/seq01-02-lora-smoke-binding-preflight-main/build_seq01_02_smoke_binding_pack.py	8295	BC1D357F8210E1DDD03F61729D45708DD4F9B3488559D9C21DD6D84D9771CDDE	逐角度撈候選；24 視角改為從控制圖確定性產生
artifacts/pose-atlas-rebuild/2026-08-25/seq01-02-lora-smoke-binding-preflight-main/finalize_seq01_02_smoke_inputs.py	7878	FE498685B6657DB2D31AA619E580FC9951F9775E087B7715790AA801ADC02610	逐角度撈候選；24 視角改為從控制圖確定性產生
artifacts/pose-atlas-rebuild/2026-08-25/seq01-02-lora-smoke-binding-preflight-main/render_owner_review_contact.py	9401	0215F85C187C22E757A5C063EA233A2E21197566D2D8ACB202B02C1F4AC3F513	逐角度撈候選；24 視角改為從控制圖確定性產生
artifacts/pose-atlas-rebuild/2026-08-25/seq01-02-lora-smoke-binding-preflight-main/validate_seq01_02_smoke_gate.py	4541	E1458CE0D9E42BEC65574F6AF00F9D15681AE284118037E8173D0AEC92DDA04B	逐角度撈候選；24 視角改為從控制圖確定性產生
artifacts/pose-atlas-rebuild/2026-08-25/seq01-02-owner-mask-caption-binding-production-main/build_owner_review_package.py	13860	06E655E617CD19E174DE547CBA7399254A908CD5A6E17BEC1BA51C9C6149FCCF	產線更換後無現行用途
artifacts/pose-atlas-rebuild/2026-08-25/seq01-02-owner-mask-caption-binding-production-main/promote_owner_approved_package.py	1524	8A64F34B12F38DB08A00C3102AF4E9A61015AE4569725A74EE8A364E62AE497C	產線更換後無現行用途
artifacts/pose-atlas-rebuild/2026-08-25/seq01-02-owner-mask-caption-binding-production-main/validate_owner_review_package.py	5805	C561A18CB209237459180B5047184A26C3203701BC7AE1DF93D64F5542859AFA	產線更換後無現行用途
artifacts/pose-atlas-rebuild/2026-08-25/seq01-02-owner-review-polygon-annotation-pack-main/build_annotation_pack.py	11119	E8A0776C82C4FCF98383B2156F382FB12CA425C10FB9ACC40FE2B83C1D3B0534	產線更換後無現行用途
artifacts/pose-atlas-rebuild/2026-08-25/seq01-02-owner-review-polygon-annotation-pack-main/render_annotation_overlay.py	3096	1EE11DB9D4B8F673AB1DAFBA68BC415B473169E61BD01D9E7F3A91CACABBD555	產線更換後無現行用途
artifacts/pose-atlas-rebuild/2026-08-25/seq01-02-owner-review-polygon-annotation-pack-main/test_validator_negative_cases.py	5862	726F54E27BDF006D3FEC0B94767A4BC4E5F4ADEC8BAACF42FF588EDA81AF674A	產線更換後無現行用途
artifacts/pose-atlas-rebuild/2026-08-25/seq01-02-owner-review-polygon-annotation-pack-main/validate_owner_annotation.py	7012	E32718B80795AC86ABAAD21CE509BC8FE1651CAEC267A9BA0EB607435441FDA0	產線更換後無現行用途
artifacts/pose-atlas-rebuild/2026-08-25/seq01-02-production-mask-authoring-capability-main/build_capability_matrix.py	12982	7DFA3993A76D274A5A17C18633CEFD19A92B59DBF8C325F20B4E72B5F445E553	產線更換後無現行用途
artifacts/pose-atlas-rebuild/2026-08-25/seq01-02-production-mask-authoring-capability-main/preflight_capability.py	2127	1776AA78B9051C510155C93DD1F136EB184130CF142698ECAFEB260A4C45D3D1	產線更換後無現行用途
artifacts/pose-atlas-rebuild/2026-08-25/seq01-02-production-weighted-mask-io-preflight-main/build_seq01_02_mask_io_contract.py	6628	84B229D770CB8EF43D08AE23AD899D080FE05EB9109186CC152D8D050A92C8CF	產線更換後無現行用途
artifacts/pose-atlas-rebuild/2026-08-25/seq01-02-production-weighted-mask-io-preflight-main/preflight_seq01_02_mask_io_contract.py	3471	586D5D19279779804DC5B5CA0C766CE42C88E02FD794383A9325D886BF6904D2	產線更換後無現行用途
artifacts/pose-atlas-rebuild/2026-08-25/seq01-02-production-weighted-mask-spec-main/build_seq01_02_weighted_mask_spec.py	14835	5A68170B94861D92832356580BDF813646D9F9069F07E56D446EF1BD47785AD9	產線更換後無現行用途
artifacts/pose-atlas-rebuild/2026-08-25/seq01-02-production-weighted-mask-spec-main/test_weighted_mask_spec_fixtures.py	1538	4EDBC71FB74DEE4A8360229A42C478E0C2B37DF4079606428A7EA095AC09D324	逐角度撈候選；24 視角改為從控制圖確定性產生
artifacts/pose-atlas-rebuild/2026-08-25/seq01-02-production-weighted-mask-spec-main/validate_weighted_mask_spec_fixture.py	4175	AEEDFAB677CE103A66CFB99589211E695B4B095A464C7001F8BE76AC734EFEC5	逐角度撈候選；24 視角改為從控制圖確定性產生
artifacts/pose-atlas-rebuild/2026-08-25/seq09-seq15-nonpaste-local-repair-controls-agent-b/preflight_repair.py	2243	1B454752B8955AA57EB085A713015DF5C03336A333A41416CB474438EDE8C0EA	產線更換後無現行用途
artifacts/pose-atlas-rebuild/2026-08-25/three-domain-promotion-gate-agent-c/promotion_gate.py	9077	BD71F97A930ACD5CB40554AD7E560696F4E1250B9775DF7541E4268CEFAE4EDF	產線更換後無現行用途
artifacts/pose-atlas-rebuild/2026-08-25/three-source-face-mask-composition-pose-qa-main/build_three_source_training_usability_qa.py	22460	7E54256E3DA09E27F8AD74E425039B71A6C076A009CF690DBF01D825695C8022	臉部遮罩路線；identity 已改由 LoRA v2 承擔
artifacts/pose-atlas-rebuild/2026-08-25/three-source-face-mask-composition-pose-qa-main/validate_three_source_training_usability_qa.py	8810	9BDBFE09E8BF78B888613107775FDFA316D6BA48CAAF5D03141E90DFCC96677A	臉部遮罩路線；identity 已改由 LoRA v2 承擔
artifacts/pose-atlas-rebuild/2026-08-25/v2-r3-owner12-lora-dataset-preflight-main/build_v2_r3_owner12_dataset_preflight.py	17179	42B2F13C8A66AEE2AA6E5D11A3A7A50FE61541F03187C3A4D76CF5BA84947C8A	產線更換後無現行用途
artifacts/pose-atlas-rebuild/2026-08-25/v2-r3-owner12-lora-dataset-preflight-main/validate_v2_r3_owner12_dataset_preflight.py	3017	D89B214FC9C6E939C7366578728D3A5BD9EC18019F9604534712997A75FC896E	產線更換後無現行用途
artifacts/pose-atlas-rebuild/2026-08-25/wardrobe-unbound-contract-agent-a/validate_wardrobe_unbound_contract.py	2971	C7A1D5FAB09F127D827CAA8DF7836DE005EC609A23A62523080F546A701F8C04	產線更換後無現行用途
artifacts/pose-atlas-rebuild/2026-08-25/wic-png-floodfill-smoke-agent-a/finalize-evidence.ps1	1608	32283D411961ABA25A022A27C5508830C4304DCB91CAC0DC4EE6E81D9EDE1A38	逐角度撈候選；24 視角改為從控制圖確定性產生
artifacts/pose-atlas-rebuild/2026-08-25/yaw-015-c044-face-neck-roi-agent-a/build_face_neck_roi.py	10450	F54F33936B9DE5ECA47BC96B66ADF58F293529101647D5217CA8EDA6B86FBDAC	臉部遮罩路線；identity 已改由 LoRA v2 承擔
artifacts/pose-atlas-rebuild/2026-08-25/yaw-015-c044-face-neck-roi-agent-a/face_neck_fail_closed_compositor.py	5424	26B3C6CD787F89ACBB831CC50BF8141CEB871387AF897E231EF3187BF5FD48FC	臉部遮罩路線；identity 已改由 LoRA v2 承擔
artifacts/pose-atlas-rebuild/2026-08-25/yaw-015-c044-face-neck-roi-agent-a/make_attempt_contacts.py	4593	C905180CB1C0AF1DF5E127C4796A7EA22C7A94C99F97837EF85AAEE99FF4C67A	臉部遮罩路線；identity 已改由 LoRA v2 承擔
artifacts/pose-atlas-rebuild/2026-08-25/yaw-015-c044-face-neck-roi-agent-a/prepare_attempt2_input.py	3013	695470BED2443ECD16510D9AF4DF34C2A572E919F1B96A3E8F64FFAEB3138640	臉部遮罩路線；identity 已改由 LoRA v2 承擔
artifacts/pose-atlas-rebuild/2026-08-25/yaw-015-c044-face-neck-roi-agent-a/scan_attempt2_candidate.py	4769	18A26F05AD5D24536CDB325AAFE0143B2993E28A6A3A488177BF9390804538BD	臉部遮罩路線；identity 已改由 LoRA v2 承擔
artifacts/pose-atlas-rebuild/2026-08-25/yaw-015-candidate-gate-wrapper-agent-a/run-gate.ps1	949	9A55553FCD53FCDEF93B6913085473779D2B2223B1BCDB7286B02803A6605369	逐角度撈候選；24 視角改為從控制圖確定性產生
artifacts/pose-atlas-rebuild/2026-08-25/yaw-015-candidate-v3-correct-sign-agent-a/finalize.ps1	1674	130FE1ACF9C2528ABD23516E06837B2D244C54194D3740A9A7BD9C6F94B88449	逐角度撈候選；24 視角改為從控制圖確定性產生
artifacts/pose-atlas-rebuild/2026-08-25/yaw-015-candidate-v4-control-first-agent-a/finalize.ps1	1279	1A16551BF6F8B8DF74717202DA1C402CA28C6950ECE874B5DEBDF54BCFED08B2	逐角度撈候選；24 視角改為從控制圖確定性產生
artifacts/pose-atlas-rebuild/2026-08-25/yaw-015-controlled-generation-board-agent-a/run-board.ps1	626	21E95CB398C96DDA3A1EB7897413F593CA4C1551E6614E0634F7667E21DE41C0	產線更換後無現行用途
artifacts/pose-atlas-rebuild/2026-08-25/yaw-015-geometry-mother-c044-agent-a/run-contact.ps1	1056	F949AC5FDFBBBE8064D651A6603A821D0EE04512DDA6FFA3872F71F520173990	產線更換後無現行用途
artifacts/pose-atlas-rebuild/2026-08-25/yaw-015-geometry-mother-c044-agent-a/run-edge-contact.ps1	1080	4988D01832E5ECD96D25E5C2155635804622487355543D95D590A863FB2DD589	產線更換後無現行用途
artifacts/pose-atlas-rebuild/2026-08-25/yaw-105-candidate-v1-endpoint-bracketed-main/audit_raw.py	1962	BBFA575C24586AC44D3050291D4A882B8C87DC56DEC4095834B01BE131C7DD42	逐角度撈候選；24 視角改為從控制圖確定性產生
artifacts/pose-atlas-rebuild/2026-08-25/yaw-105-candidate-v2-shoe-local-edit-main/compare_v1_v2.py	6496	FF8C6050E523938A488BDBE68F1429BBF15037719D87E2AA60B19457FBB3BD40	逐角度撈候選；24 視角改為從控制圖確定性產生
artifacts/pose-atlas-rebuild/2026-08-25/yaw-105-candidate-v2-shoe-local-edit-main/composite_shoe_roi.py	6817	9128BFE36F151DC9B7BCE801228C98BC4A4D3622E4DD62332ADB289F554EC0FD	逐角度撈候選；24 視角改為從控制圖確定性產生
artifacts/pose-atlas-rebuild/2026-08-25/yaw-minus015-angle-recovery-search-agent-a/run-shortlist.ps1	808	23D28E99AA1F442BB18CCD9B8D6AE4431AC9B3254B3243F620E562E7D2C8A1BD	產線更換後無現行用途
artifacts/pose-atlas-rebuild/2026-08-25/yaw-minus015-unique-candidate-strict-screen-agent-b/strict_screen.py	8489	B43FB31A2C287EA69B4D49D61C85BF4DED65F280AEE4027CACF83DD72E053348	逐角度撈候選；24 視角改為從控制圖確定性產生
artifacts/pose-atlas-rebuild/2026-08-25/yaw-minus015-v1-v2-audit-agent-a/finalize.ps1	1344	BF90E81C09893B2961F3198E2F45A7F001CC6F2FF5FF42F0D401DE843768F14A	產線更換後無現行用途
artifacts/pose-atlas-rebuild/2026-08-25/yaw-minus060-v1-v2-audit-agent-a/finalize-evidence.ps1	1864	DDB432BC587D26060B4968566CCA39AD42861C9F3A21D78F6DB731302AF0D55B	產線更換後無現行用途
artifacts/pose-atlas-rebuild/2026-08-25/yaw-minus060-v1-v2-audit-agent-a/run.ps1	2842	CC1C606838ED447E05FDACDBB0B0968FADC69836ACB179EFA3A15265975F9F41	產線更換後無現行用途
artifacts/pose-atlas-rebuild/2026-08-25/yaw015-flux-schnell-staging-agent-b/art_gate.py	2593	C9CC1187C4377A58D46C5FB5A40466A0FBA43175218079B59BAAB570E538CA3B	Flux／Qwen 系試驗；現行產線為 Chroma1-HD
artifacts/pose-atlas-rebuild/2026-08-25/yaw015-flux-schnell-staging-agent-b/build_identity_authority_board.py	2708	D040E3A4626170757F485177446F31035B1EFB16E0A94C8C17F1696FEE900564	Flux／Qwen 系試驗；現行產線為 Chroma1-HD
artifacts/pose-atlas-rebuild/2026-08-25/yaw015-flux-schnell-staging-agent-b/build_staging.py	3845	487496B315E52C97DC8C17D4B5F403799D907B64B197B38280E9BACF105485C5	Flux／Qwen 系試驗；現行產線為 Chroma1-HD
artifacts/pose-atlas-rebuild/2026-08-25/yaw015-flux-schnell-staging-agent-b/three_view_continuity.py	2107	3D145B19E474D81E1F578B0AEE593D100A42D526FCF3B95BABB46460B2B69F97	Flux／Qwen 系試驗；現行產線為 Chroma1-HD
artifacts/pose-atlas-rebuild/2026-08-25/yaw015-outfit-separation-validation-agent-b/validate_registered_outerwear.py	8522	0C39C91660135062F7B19F97AD664342BBC67001C6D2F7317EE60039EF795606	逐角度撈候選；24 視角改為從控制圖確定性產生
artifacts/pose-atlas-rebuild/2026-08-25/yaw015-unique-candidate-strict-screen-agent-b/strict_screen.py	7653	8B1D3E18E7570C2B9614262736DBDD0791105C5D797AE0FA3F4649A38E8B9ED3	逐角度撈候選；24 視角改為從控制圖確定性產生
artifacts/pose-atlas-rebuild/2026-08-25/yaw030-candidate-v2-audit/build_yaw030_candidate_v2_audit.py	11226	1570CCE4ECAFAB19A0F5E6F192A5B0F74883F381B90EBDDDB7CA33D65D8320C0	逐角度撈候選；24 視角改為從控制圖確定性產生
artifacts/pose-atlas-rebuild/2026-08-25/yaw030-candidate-v5-physical-ornament-main/build_yaw030_candidate_v5_audit.py	11165	BF3662B3034B9734DA1DC810148C055E2B46B0E5C3C0AED66C9CD03DCC3B9734	逐角度撈候選；24 視角改為從控制圖確定性產生
artifacts/pose-atlas-rebuild/2026-08-25/yaw030-candidate-v5-physical-ornament-main/run_birefnet_yaw030_v5.py	8571	4B76A013DB6FC9004812D5D11C69E523254670787D5E4D053B8154CB0CE9DE8C	去背模型評估；bundle 自帶 silhouette，不需去背模型
artifacts/pose-atlas-rebuild/2026-08-25/yaw030-flux-schnell-staging-agent-b/adjacent_continuity.py	2755	9543E262F99C9C4D4A7CB85A67DD89D35A10A65EE3AD9FAE8C88DC0B42136F37	Flux／Qwen 系試驗；現行產線為 Chroma1-HD
artifacts/pose-atlas-rebuild/2026-08-25/yaw030-flux-schnell-staging-agent-b/art_gate.py	3074	C35A64F957FFEF3829644729E0E5A9A98F033EBC23D6BDD67192680AB7E57673	Flux／Qwen 系試驗；現行產線為 Chroma1-HD
artifacts/pose-atlas-rebuild/2026-08-25/yaw030-flux-schnell-staging-agent-b/build_yaw030_staging.py	4784	557BF2D1E2ADE5B7E6090A74D1478C10648BD2E1201138CA55739B67BF31D1DB	Flux／Qwen 系試驗；現行產線為 Chroma1-HD
artifacts/pose-atlas-rebuild/2026-08-25/yaw030-flux-schnell-staging-agent-b/normalize_runner_output.py	1086	D93B8638AC88C4E12E2FE348A505D2FE1F34DABC637AD023B5AA18F03D21AADC	Flux／Qwen 系試驗；現行產線為 Chroma1-HD
artifacts/pose-atlas-rebuild/2026-08-25/yaw030-solid-green-subject-audit/audit_subject_change.py	11338	40643053CCF351AD61C98224004351E0857810411ED05450A5D963DED3AF3F34	逐角度撈候選；24 視角改為從控制圖確定性產生
artifacts/pose-atlas-rebuild/2026-08-25/yaw030-unique-candidate-strict-screen-agent-b/build_contact.py	5127	DF50651C0B08B1B727811F7072BD99BDD97B2CCBDAFEEE55E8B38A5E5F3DF369	逐角度撈候選；24 視角改為從控制圖確定性產生
artifacts/pose-atlas-rebuild/2026-08-25/yaw030-unique-candidate-strict-screen-agent-b/finalize_strict_screen.py	8289	3190D4B738736CF71C23A7C1E39EB594FE64E02AA66BB1E1479A60F9D3BF5C65	逐角度撈候選；24 視角改為從控制圖確定性產生
artifacts/pose-atlas-rebuild/2026-08-25/yaw030-v5-final-fixed-gate-agent-a/final_gate.py	7833	DCB9FD12D1ADB6CB2FFEFEAE136DE6C0CE8D7B05C7617DEB8E37263D703A9DE2	逐角度撈候選；24 視角改為從控制圖確定性產生
artifacts/pose-atlas-rebuild/2026-08-25/yaw030-v5-five-roi-staging-agent-b/build_five_roi_pack.py	11534	5581012B1050FC4699462398515220D48DEAB25E6571E0C446AE1496AC9B4B4D	逐角度撈候選；24 視角改為從控制圖確定性產生
artifacts/pose-atlas-rebuild/2026-08-25/yaw030-v5-five-roi-staging-agent-b/fail_closed_compositor.py	4417	0D2D68FB9E14114B3515D9CE4D0115CFFA67EEEEB2101F502A5EEAC189F1B379	逐角度撈候選；24 視角改為從控制圖確定性產生
artifacts/pose-atlas-rebuild/2026-08-25/yaw030-v5-five-roi-staging-agent-b/run-all-fixtures.py	2525	6FA5D64FB9D9054FE2F4DBF0C7B5C62CBD7A425C748180BE484867858FA5CC92	逐角度撈候選；24 視角改為從控制圖確定性產生
artifacts/pose-atlas-rebuild/2026-08-25/yaw030-v5-full-art-hard-gate-agent-b/audit_yaw030_v5.py	13013	00B9AAE9FB5F3A3FACA4821FE01CF4FFFF66E5262E2C59BD0EDFF5D1ACF39EDF	逐角度撈候選；24 視角改為從控制圖確定性產生
artifacts/pose-atlas-rebuild/2026-08-25/yaw030-v6-audit-agent-a/finalize.ps1	1334	9102166485F56BBB79727D3CA791D4B753A2081E247F32A5D54718DD3DA7A6C8	逐角度撈候選；24 視角改為從控制圖確定性產生
artifacts/pose-atlas-rebuild/2026-08-25/yaw045-baseline-lora-alpha-dlc-qa-agent-c/qa_yaw045_alpha_dlc.py	7762	73303AAE392AF0F0775DC2A7BA1F1B0CFE80D09FDDF1A9CAADBDD2FB7202DCD9	逐角度撈候選；24 視角改為從控制圖確定性產生
artifacts/pose-atlas-rebuild/2026-08-25/yaw045-baseline-manual-comparison-agent-b/build_baseline_manual_gate.py	6258	1485E5A798E1C6C7CD9619D7F4BBB1DE3986A28CD28B09BDB9274DA7D1BDA850	逐角度撈候選；24 視角改為從控制圖確定性產生
artifacts/pose-atlas-rebuild/2026-08-25/yaw045-candidate-audit-agent-a/build_contact.py	4969	C7FE2781A169390CE7243A703D66B8A908A1A57E0290D067FC1A76B9EF9E48D0	逐角度撈候選；24 視角改為從控制圖確定性產生
artifacts/pose-atlas-rebuild/2026-08-25/yaw045-candidate-v1-audit/build_yaw045_audit.py	7736	324F3CFBEFB03FEB11F65EA232A4A2423BBB6EE2BE29B083C2C92F6C542D49AB	逐角度撈候選；24 視角改為從控制圖確定性產生
artifacts/pose-atlas-rebuild/2026-08-25/yaw045-candidate-v2-audit/build_yaw045_v2_audit.py	7097	7EE3E1E72BA8A4A29718A05635D2A9964A63E13D9F518653CCFE14AEBA4EF3D0	逐角度撈候選；24 視角改為從控制圖確定性產生
artifacts/pose-atlas-rebuild/2026-08-25/yaw045-candidate-v3-audit/build_yaw045_v3_audit.py	7640	67CE294F93A5154DFDDB32E061C4CC9F1603353DE52AD3F2C6A8467B3B1F6590	逐角度撈候選；24 視角改為從控制圖確定性產生
artifacts/pose-atlas-rebuild/2026-08-25/yaw045-candidate-v3-birefnet-agent-a/run_offline.py	5078	C2BA2E3F16900148249A6F0693953757E6BC9CE9CF03F6C1C6514F197C4F8DF1	去背模型評估；bundle 自帶 silhouette，不需去背模型
artifacts/pose-atlas-rebuild/2026-08-25/yaw045-candidate-v3-head-body-45-main/decontaminate_and_qa_yaw045_v3.py	3766	5B96D857FCEB1F6A666BB2D7E4EB46DF6D0499732D2187D9C51ECDCF4A930BB8	逐角度撈候選；24 視角改為從控制圖確定性產生
artifacts/pose-atlas-rebuild/2026-08-25/yaw045-candidate-v3-head-body-45-main/run_birefnet_yaw045_v3.py	990	6F0493AF20C2A15AC6CC77543DE46CB4EFB16669B657ED9E614975CA4EE2CB62	去背模型評估；bundle 自帶 silhouette，不需去背模型
artifacts/pose-atlas-rebuild/2026-08-25/yaw045-candidate-v4-minimal-repair-main/composite_minimal_repair_rois.py	5502	55811AF7AC1E586FA09A4930C8472834076EA40B385E24B10103B125A9B010D1	逐角度撈候選；24 視角改為從控制圖確定性產生
artifacts/pose-atlas-rebuild/2026-08-25/yaw045-candidate-v4-minimal-repair-main/run_birefnet_yaw045_v4.py	981	1935427BF897F7A13A041AF3DED9335060930FF903074D6AFD2AE5AFAAA8124A	去背模型評估；bundle 自帶 silhouette，不需去背模型
artifacts/pose-atlas-rebuild/2026-08-25/yaw045-depth-conditioned-angle-gate-agent-a/yaw045_geometry_gate.py	9790	38EFE2408BE9146B6D2E49A76737479A9639AB66FAB3A11B326B37663451D225	逐角度撈候選；24 視角改為從控制圖確定性產生
artifacts/pose-atlas-rebuild/2026-08-25/yaw045-depth-conditioned-angle-gate-agent-a-v2/yaw045_geometry_gate.py	9790	38EFE2408BE9146B6D2E49A76737479A9639AB66FAB3A11B326B37663451D225	逐角度撈候選；24 視角改為從控制圖確定性產生
artifacts/pose-atlas-rebuild/2026-08-25/yaw045-dlc-api-mapping-agent-b/build_mapping.py	6677	63418079FB7F087819DF04579141CA8FF08C87DB213C79AF6065DD88FDF7E5C1	逐角度撈候選；24 視角改為從控制圖確定性產生
artifacts/pose-atlas-rebuild/2026-08-25/yaw045-dlc-api-mapping-agent-b/validate_mapping.py	3511	8C8DFBD51AD64722285E69FFA7E3BDFD6C8ACC83979BB7ACC01FDD2C606336E7	逐角度撈候選；24 視角改為從控制圖確定性產生
artifacts/pose-atlas-rebuild/2026-08-25/yaw045-edge-decontam-agent-a/decontaminate.py	8925	5A60A8D6C4F81F115C8EC156C185322645E038C3B47F172111152018B3107347	逐角度撈候選；24 視角改為從控制圖確定性產生
artifacts/pose-atlas-rebuild/2026-08-25/yaw045-face-neck-roi-staging-agent-a/build_roi_pack.py	10229	DA68945AA4E512F0FA67B653FC94A07262482AC9A49F79CA202BD05ECFDE5F53	臉部遮罩路線；identity 已改由 LoRA v2 承擔
artifacts/pose-atlas-rebuild/2026-08-25/yaw045-face-neck-roi-staging-agent-a/face_neck_safe_compositor.py	3389	F12C11CBC717D0203BE062CBEB3A998C0A4FB835847C82359FE10CBB976B74A3	臉部遮罩路線；identity 已改由 LoRA v2 承擔
artifacts/pose-atlas-rebuild/2026-08-25/yaw045-face-neck-roi-staging-agent-a/finalize_hashes.py	1003	7EF22D72695B19E1BCB58AE14EDE180E361C12A0570D2687DAF1A0FD5286F8D5	臉部遮罩路線；identity 已改由 LoRA v2 承擔
artifacts/pose-atlas-rebuild/2026-08-25/yaw045-fail-closed-dag-agent-b/build_dag.py	9730	67F7232879C90EA21858526C913C47DC7F446876652F22795E5D9747E02EA6C2	逐角度撈候選；24 視角改為從控制圖確定性產生
artifacts/pose-atlas-rebuild/2026-08-25/yaw045-fail-closed-dag-agent-b/make_invalid_fixture.py	541	ACAD5C0046F42F26FFCD5C275E1F1BB13F33E46B91443477473AFE8CD6F5C50F	逐角度撈候選；24 視角改為從控制圖確定性產生
artifacts/pose-atlas-rebuild/2026-08-25/yaw045-fail-closed-dag-agent-b/validate_dag.py	3728	EF3CF93BF5FCA643B41E9B7B40B5C9F75052D8D1A178398275CABAD902943CDA	逐角度撈候選；24 視角改為從控制圖確定性產生
artifacts/pose-atlas-rebuild/2026-08-25/yaw045-fixed-geometry-input-audit-agent-b/audit_geometry_input.py	6908	4F30AE24ADF600FA372C33701DF44D24380339E1ACE53A4B8461ED3D7CF431F5	逐角度撈候選；24 視角改為從控制圖確定性產生
artifacts/pose-atlas-rebuild/2026-08-25/yaw045-flux-schnell-attempt4-geometry-strong-agent-b/art_gate.py	3922	D48174E01179CA85B646884E2915CA3CB4491CC7F348B2C4BCE2626E688D1EA4	Flux／Qwen 系試驗；現行產線為 Chroma1-HD
artifacts/pose-atlas-rebuild/2026-08-25/yaw045-flux-schnell-attempt4-geometry-strong-agent-b/build_geometry_plate.py	6056	E405A00D8E429914EA5716747A7DEA7F934B10237C99313F2F36DC2A35EEE66D	Flux／Qwen 系試驗；現行產線為 Chroma1-HD
artifacts/pose-atlas-rebuild/2026-08-25/yaw045-flux-schnell-attempt4-geometry-strong-agent-b/run_rank4_quarantined_eval.py	2635	6F248FBDB8D9993A7EC01ACA16CD0BE909204BDB50EF8F6FCFB3BF96A9B7C9D4	Flux／Qwen 系試驗；現行產線為 Chroma1-HD
artifacts/pose-atlas-rebuild/2026-08-25/yaw045-flux-schnell-attempt5-fullbody-gray-geometry-agent-b/art_gate.py	3643	DE7D652B407D1D349A9A6DC2DB0240CCA124DA8F252C7B7C162C819467AF353D	Flux／Qwen 系試驗；現行產線為 Chroma1-HD
artifacts/pose-atlas-rebuild/2026-08-25/yaw045-flux-schnell-attempt5-fullbody-gray-geometry-agent-b/build_attempt5.py	7543	3D98B77F10DF406A5F07CA80A13A7F87F506A6097B7E3B43CB5F253CFAFAA0E8	Flux／Qwen 系試驗；現行產線為 Chroma1-HD
artifacts/pose-atlas-rebuild/2026-08-25/yaw045-flux-schnell-attempt5-fullbody-gray-geometry-agent-b/preflight.py	1626	A76C40375A876A5F18D3C70E32DC05024F2AD72D323B50F3C8A812503D8E28F8	Flux／Qwen 系試驗；現行產線為 Chroma1-HD
artifacts/pose-atlas-rebuild/2026-08-25/yaw045-flux-schnell-attempt5-fullbody-gray-geometry-agent-b/run_step8_eval.py	1709	6211B378E1BADBA306E39FBB0116B8D37D49698758B924D1CAEC4EBAC9CAF4A8	Flux／Qwen 系試驗；現行產線為 Chroma1-HD
artifacts/pose-atlas-rebuild/2026-08-25/yaw045-flux-schnell-attempt5-fullbody-gray-geometry-agent-b/strict_preflight.py	2460	7BBFB33E0A54EE23B776576CD8FFF7E1F03B171183082937C698E78660702F4B	Flux／Qwen 系試驗；現行產線為 Chroma1-HD
artifacts/pose-atlas-rebuild/2026-08-25/yaw045-full-art-gate-agent-a/build_evidence.py	6251	010908E2D82E7BDD4DD18EAA1F5F1970B7A95EC730CD891B6585CE39C58FD632	逐角度撈候選；24 視角改為從控制圖確定性產生
artifacts/pose-atlas-rebuild/2026-08-25/yaw045-full-art-gate-agent-a/validate_manual_gate.py	270	ED43A365AB18A1A89D62089754A79ACD857D41A28A6E3BEE5765CC3880ECFB65	逐角度撈候選；24 視角改為從控制圖確定性產生
artifacts/pose-atlas-rebuild/2026-08-25/yaw045-hands-shoes-roi-staging-agent-a/build_roi_pack.py	6569	504B8856C2A289359672703FE201A354FD8E82F625F51F549B6ABB31BC892E67	逐角度撈候選；24 視角改為從控制圖確定性產生
artifacts/pose-atlas-rebuild/2026-08-25/yaw045-hands-shoes-roi-staging-agent-a/finalize_hashes.py	759	0A9ABDAC054F4397EB9134931163593EFA37B56C9E934F237AE02585DCF6E593	逐角度撈候選；24 視角改為從控制圖確定性產生
artifacts/pose-atlas-rebuild/2026-08-25/yaw045-hands-shoes-roi-staging-agent-a/run_fixture_suite.py	1835	3B403A0D623F8DA70145E4DE9B156433F5E9F3B69ED66566EEF498BAD1223642	逐角度撈候選；24 視角改為從控制圖確定性產生
artifacts/pose-atlas-rebuild/2026-08-25/yaw045-hands-shoes-roi-staging-agent-a/safe_roi_compositor.py	2691	1DC214744FE4702BDC8BDBDD71D6FB3029BC94A12D8A450F29195DEBE3F39F32	逐角度撈候選；24 視角改為從控制圖確定性產生
artifacts/pose-atlas-rebuild/2026-08-25/yaw045-lora-ab-upcoming-preflight-agent-b/preflight_yaw045_ab.py	3543	B6F665D3C0E4152849FF4F2F5F6E9186DC6EC08C6CEB328E34685C920541CFC1	逐角度撈候選；24 視角改為從控制圖確定性產生
artifacts/pose-atlas-rebuild/2026-08-25/yaw045-lora-ab-visual-qa-framework-agent-b/compare_actual_pixels.py	1599	3DE84BAB8794F22430198D627DF81BFA08958DA05779DD0AA9F432374840012D	逐角度撈候選；24 視角改為從控制圖確定性產生
artifacts/pose-atlas-rebuild/2026-08-25/yaw045-lora-ab-visual-qa-framework-agent-b/yaw045_lora_ab_qa.py	8814	731018EA17109F885574EA2010B04539A6C17155EE7393C0F17D1B1CAA77403C	逐角度撈候選；24 視角改為從控制圖確定性產生
artifacts/pose-atlas-rebuild/2026-08-25/yaw045-lora-single-art-qa-agent-b/build_lora_single_qa.py	3557	1FD90BA9A6AE78891697B8FD368176D3D3177EE833ABFE24B12147855E2CFD58	逐角度撈候選；24 視角改為從控制圖確定性產生
artifacts/pose-atlas-rebuild/2026-08-25/yaw045-manual-art-gate-template-agent-b/build_manual_art_gate.py	8335	5ADBE78FB9340AC56BFAD07BF04E135E7672B9F0FFA2199477A5B48195E39967	逐角度撈候選；24 視角改為從控制圖確定性產生
artifacts/pose-atlas-rebuild/2026-08-25/yaw045-postrepair-manual-identity-gate-agent-b/build_identity_gate.py	9895	C1F5DB035CA1487645A0143E2A0FE6ABC0AFD8D8E7509AAB0D41DB51550E0124	逐角度撈候選；24 視角改為從控制圖確定性產生
artifacts/pose-atlas-rebuild/2026-08-25/yaw045-qwen-postprocess-staging-agent-b/build_and_run_fixtures.py	3322	F37F4CADC228BB89D9D00AAE9A1FC2ACFA00453CA6825CE0180F6F7606DD5DF0	Flux／Qwen 系試驗；現行產線為 Chroma1-HD
artifacts/pose-atlas-rebuild/2026-08-25/yaw045-qwen-postprocess-staging-agent-b/preflight.py	1849	E373D9D777298ADF7EE20325FAB4B65977D8AB0964B0561FC3F003B79ECE3E97	Flux／Qwen 系試驗；現行產線為 Chroma1-HD
artifacts/pose-atlas-rebuild/2026-08-25/yaw045-qwen-postprocess-staging-agent-b/run_after_qwen.py	2947	605A7A2484A4AB433DC078A27571AA9381C1296DD856DD616E89539178E71446	Flux／Qwen 系試驗；現行產線為 Chroma1-HD
artifacts/pose-atlas-rebuild/2026-08-25/yaw045-qwen-postprocess-staging-agent-b/validate_rgba.py	8619	1565B0BC7681BD54126422C105ED58163C27F49A16288BA237B940E4B20CD7E5	Flux／Qwen 系試驗；現行產線為 Chroma1-HD
artifacts/pose-atlas-rebuild/2026-08-25/yaw045-qwen-single-input-pack-agent-b/build_input_pack.py	9863	8BD8B2674DFF26E3CC7560C6986AF541325018EADB217543CCA7AE9BC7677A48	Flux／Qwen 系試驗；現行產線為 Chroma1-HD
artifacts/pose-atlas-rebuild/2026-08-25/yaw045-qwen-single-input-pack-agent-b/roi-face-neck/face_neck_safe_compositor.py	3389	F12C11CBC717D0203BE062CBEB3A998C0A4FB835847C82359FE10CBB976B74A3	臉部遮罩路線；identity 已改由 LoRA v2 承擔
artifacts/pose-atlas-rebuild/2026-08-25/yaw045-qwen-single-input-pack-agent-b/roi-hands-shoes/safe_roi_compositor.py	2691	1DC214744FE4702BDC8BDBDD71D6FB3029BC94A12D8A450F29195DEBE3F39F32	Flux／Qwen 系試驗；現行產線為 Chroma1-HD
artifacts/pose-atlas-rebuild/2026-08-25/yaw045-qwen-single-input-pack-corrected-agent-b/build_corrected_pack.py	9434	C8A8A651A90869CFACBB2B58FBA807E4B0EC8EF1125434249263725730C10178	Flux／Qwen 系試驗；現行產線為 Chroma1-HD
artifacts/pose-atlas-rebuild/2026-08-25/yaw045-qwen-single-input-pack-corrected-agent-b/roi-face-neck/face_neck_safe_compositor.py	3389	F12C11CBC717D0203BE062CBEB3A998C0A4FB835847C82359FE10CBB976B74A3	臉部遮罩路線；identity 已改由 LoRA v2 承擔
artifacts/pose-atlas-rebuild/2026-08-25/yaw045-qwen-single-input-pack-corrected-agent-b/roi-hands-shoes/safe_roi_compositor.py	2691	1DC214744FE4702BDC8BDBDD71D6FB3029BC94A12D8A450F29195DEBE3F39F32	Flux／Qwen 系試驗；現行產線為 Chroma1-HD
artifacts/pose-atlas-rebuild/2026-08-25/yaw045-renderer-minus045-separated-controls-agent-b/preflight.py	1748	EEE5D553B0C6FC1C37ABC49C33540CC5866CAE2625B1010291B5FF7870D994ED	逐角度撈候選；24 視角改為從控制圖確定性產生
artifacts/pose-atlas-rebuild/2026-08-25/yaw045-unique-candidate-strict-screen-agent-b/build_screen_contact.py	2525	D7A86CB3D303DD98E9CA387060FFFF082A53AFDB32C2A835385D7579005D8250	逐角度撈候選；24 視角改為從控制圖確定性產生
artifacts/pose-atlas-rebuild/2026-08-25/yaw045-unique-candidate-strict-screen-agent-b/finalize_strict_screen.py	6857	A2240FDB70A5948D7EA0CE6807DB19C0C678BE4064F1082604EFD5AC6BBD40B7	逐角度撈候選；24 視角改為從控制圖確定性產生
artifacts/pose-atlas-rebuild/2026-08-25/yaw090-candidate-v1-birefnet-alpha-agent-a/boundary_flood_gray_cleanup.py	8354	0BF931CFAD5320FB5B658B8B1F193F205BAC928D52BE695C9C74088E3E389CF4	去背模型評估；bundle 自帶 silhouette，不需去背模型
artifacts/pose-atlas-rebuild/2026-08-25/yaw090-candidate-v1-birefnet-alpha-agent-a/finalize_boundary_flood_v3.py	2260	60DDA0B0190D2C5DD7E4E0E8962AD3D2AA0DCA6756B0C73C5FFE29C16909BB84	去背模型評估；bundle 自帶 silhouette，不需去背模型
artifacts/pose-atlas-rebuild/2026-08-25/yaw090-candidate-v1-birefnet-alpha-agent-a/local_shoe_halo_cleanup.py	6615	BC4BD53C20FE60B85DA9532E3EFE2556382665607DEE064571D155AA0074BCB5	去背模型評估；bundle 自帶 silhouette，不需去背模型
artifacts/pose-atlas-rebuild/2026-08-25/yaw090-candidate-v1-birefnet-alpha-agent-a/qa_alpha_candidate.py	4821	0BD76814178718F6C10D9241F93303A773596A3A7A31B2094D8CB35B6FD55E33	去背模型評估；bundle 自帶 silhouette，不需去背模型
artifacts/pose-atlas-rebuild/2026-08-25/yaw090-candidate-v1-birefnet-alpha-agent-a/validate_boundary_flood_v3.py	4073	C96BFBEBD919AD768699E7C88B8DB22C0BA657EB79FA47CA716F6E3E9835879E	去背模型評估；bundle 自帶 silhouette，不需去背模型
artifacts/pose-atlas-rebuild/2026-08-25/yaw090-candidate-v1-birefnet-alpha-agent-a/validate_local_shoe_mask_connectivity.py	2622	C581E2307A4B6B0E0F0CC7A195FEDAFD91645B0DACC4B5128C259F96870BFEC7	去背模型評估；bundle 自帶 silhouette，不需去背模型
artifacts/pose-atlas-rebuild/2026-08-25/yaw090-candidate-v1-raw-qa-agent-a/audit_raw_art.py	5908	A3B359A558E1A907D53853F02C6C9010B3CDB1947287D5C7CDF4B17C631C1F97	逐角度撈候選；24 視角改為從控制圖確定性產生
artifacts/pose-atlas-rebuild/2026-08-25/yaw120-candidate-v1-raw-qa-agent-a/finalize-audit.ps1	1593	37E972573963E99344C7709F92D149036020A238D7FA3ADB0111269417BB73E7	逐角度撈候選；24 視角改為從控制圖確定性產生
artifacts/pose-atlas-rebuild/2026-08-25/yaw120-candidate-v1-raw-qa-agent-a/run-contacts.ps1	2454	0D75B5A5C39E911CD559EAC17B6276A0602D3224C98A4605E9A30E203D4D5F33	逐角度撈候選；24 視角改為從控制圖確定性產生
artifacts/pose-atlas-rebuild/2026-08-25/yaw120-fixed-audit-agent-a/make_contacts.py	3784	431965F921458852BFF9D8F3A43823F7247B96F8787C14337F2839D2E94175E2	逐角度撈候選；24 視角改為從控制圖確定性產生
artifacts/pose-atlas-rebuild/2026-08-25/yaw135-candidate-v2-audit-agent-a/finalize.ps1	1096	B63F1D93AADD33422B77BEFBA0719DE1CCC8644A38C429EF48A5E3C42E5597C4	逐角度撈候選；24 視角改為從控制圖確定性產生
artifacts/pose-atlas-rebuild/2026-08-25/yaw135-candidate-v2-audit-agent-a/run-contact-only.ps1	2141	C91336B2626244EBD838EBC629F5E2AB6163B9CB1FE1E61057383B394B8E1724	逐角度撈候選；24 視角改為從控制圖確定性產生
artifacts/pose-atlas-rebuild/2026-08-25/yaw135-candidate-v2-audit-agent-a/run.ps1	2454	F1D686A2A80A988CA54BD73F4F5A65A5B17DE8D8260C868A5C29EAD5856F6A3A	逐角度撈候選；24 視角改為從控制圖確定性產生
artifacts/pose-atlas-rebuild/2026-08-25/yunchangge-poseatlas-integration-audit-agent-c/validate_integration.py	6620	E0E68266E6D821885CC5241D355B541F26C2FC3A730698E081D6BCBD78504F72	產線更換後無現行用途
artifacts/pose-atlas-rebuild/2026-08-25/yunchangge-vnext-three-domain-compat-agent-c/run_yaw105_v3_birefnet_staging.py	8578	04D3EB1EB586FC102E74424BB58488706C61BF1E77812DB62DF11C0F91AEFF2E	去背模型評估；bundle 自帶 silhouette，不需去背模型
artifacts/pose-atlas-rebuild/2026-08-26/canonical24-ownership-templates-agent-c/consume_flux2_klein_master.py	3826	C264C811B7DBB161802070ECA8E2208F763C9C19E493E4A4B57695F987E293D9	Flux／Qwen 系試驗；現行產線為 Chroma1-HD
artifacts/pose-atlas-rebuild/2026-08-26/canonical24-ownership-templates-agent-c/invoke_klein_birefnet_postprocess.ps1	720	89BD700E35A7C82C961AD3696D601DA9E962EB242905CEE8AADB7634D257B2C1	Flux／Qwen 系試驗；現行產線為 Chroma1-HD
artifacts/pose-atlas-rebuild/2026-08-26/canonical24-ownership-templates-agent-c/postprocess_klein_birefnet.py	6265	737F8A09DD3F14D95A507152DE4FEC052CBD179EB0EF6FDB4FFC6ACC0DF3C6E7	Flux／Qwen 系試驗；現行產線為 Chroma1-HD
artifacts/pose-atlas-rebuild/2026-08-26/canonical24-ownership-templates-agent-c/probe_flux2_fp8_single_file.py	3995	AEB31E98141D794607B7FF1C4EADC948C8087D35480DDC5D3B3E5D9A056E8832	Flux／Qwen 系試驗；現行產線為 Chroma1-HD
artifacts/pose-atlas-rebuild/2026-08-26/canonical24-ownership-templates-agent-c/probe_flux2_klein4b.py	6227	7822CD0E2D0EDD76D6F00B75FC6CC0A569C916202094DEB8C75B41BA60D8FD92	Flux／Qwen 系試驗；現行產線為 Chroma1-HD
artifacts/pose-atlas-rebuild/2026-08-26/canonical3d-generation-runner-agent-b/Invoke-Canonical3DGeneration.ps1	5776	C8DCD47BCD0AAC3C38CF3C92581F5D189A7F4758C73A0EE00EC9232640CA1DA1	產線更換後無現行用途
artifacts/pose-atlas-rebuild/2026-08-26/canonical3d-generation-runner-agent-b/Invoke-Canonical3DSdcpp.ps1	3303	EB1AA51C6E174C28A2EE412A33FC25CB0DBA4EB4453DF53A0A4626FCEBCA2713	產線更換後無現行用途
artifacts/pose-atlas-rebuild/2026-08-26/canonical3d-generation-runner-agent-b/Invoke-Yaw045-Klein-Step32LoraSmoke.ps1	2469	25C33EA60B3419CD7C4CB52CCF1AEBD88741E81A5202055809A7A1891DE86FE1	Flux／Qwen 系試驗；現行產線為 Chroma1-HD
artifacts/pose-atlas-rebuild/2026-08-26/canonical3d-generation-runner-agent-b/postprocess_smoke3.py	10303	87B96E2938296056EDFE21FC551D4A213C02B248F9B5EDCA914D09F6FBB588C3	逐角度撈候選；24 視角改為從控制圖確定性產生
artifacts/pose-atlas-rebuild/2026-08-26/canonical3d-generation-runner-agent-b/preflight_smoke3_staging_identity.py	4690	89C05D8B95C479F03DF9863061F79F182BE32F7CF19D6964B836D01D35740ADE	逐角度撈候選；24 視角改為從控制圖確定性產生
artifacts/pose-atlas-rebuild/2026-08-26/canonical3d-generation-runner-agent-b/run_canonical3d_flux.py	30195	D6DEB6A95B1A363B28675CB3CE7B0282FF9EE675596D77957F706BF6A3D12F14	Flux／Qwen 系試驗；現行產線為 Chroma1-HD
artifacts/pose-atlas-rebuild/2026-08-26/canonical3d-generation-runner-agent-b/run_canonical3d_sdcpp.py	14116	DD0C4F0D34C3A1B22200CC1FFAD230C3F1FE4E6FEABDDFBC63EF12904FF4BA28	產線更換後無現行用途
artifacts/pose-atlas-rebuild/2026-08-26/default-outfit-ornament-lora12-agent-c/admit_asset_lora_datasets.py	4969	6520DF9895E139CA9471042BE2752EF8C10B243CFF1982467A4F7B9267AA2411	產線更換後無現行用途
artifacts/pose-atlas-rebuild/2026-08-26/default-outfit-ornament-lora12-agent-c/asset_lora_runner.py	4425	1ACDD42112E456607F9119A011DF35966E7659EBC7B809FB966A0CEB53AC95A5	產線更換後無現行用途
artifacts/pose-atlas-rebuild/2026-08-26/default-outfit-ornament-lora12-agent-c/build_dataset.py	10207	164AF8B5DCABDFD554160F16D82EB896DB1804B3A22D8F1D25B3DE5E708A76A0	產線更換後無現行用途
artifacts/pose-atlas-rebuild/2026-08-26/default-outfit-ornament-lora12-agent-c/prepare_asset_lora_cache.py	7356	28AD5179F0B305E38CFFAEC9EA10FCD44DBAC6B2F4E0C477B5AFBCEC5F348A5D	產線更換後無現行用途
artifacts/pose-atlas-rebuild/2026-08-26/default-outfit-ornament-lora12-agent-c/train_asset_lora_impl.py	10743	69CE045CA670A8537FCDCAB4A49D3F1FA553B5A43C382E63729815DB7AB6F2E0	產線更換後無現行用途
artifacts/pose-atlas-rebuild/2026-08-26/default-outfit-ornament-lora12-agent-c/train_default_outfit_lora.py	109	AD83FC2F11C4F184674A498619641F197426F2B06C64DAFEF5178F17D4F9D23B	產線更換後無現行用途
artifacts/pose-atlas-rebuild/2026-08-26/default-outfit-ornament-lora12-agent-c/train_fixed_ornament_lora.py	114	A957A814208EE97190697EDC74687F7D17D1F42F4B80E9868C743E2AE7CABDF2	產線更換後無現行用途
artifacts/pose-atlas-rebuild/2026-08-26/flux-checkpoint-art-status-timeline-agent-b/build_timeline.py	9843	9A2A051D7213EE9CE6703DA7EF98E50E1202CDC03E8B260EAD600050AA6E1F07	Flux／Qwen 系試驗；現行產線為 Chroma1-HD
artifacts/pose-atlas-rebuild/2026-08-26/flux2-klein-identity28-train-agent-identity/build_female_headneck_carrier.py	4370	D0F0127AE1A3266B8693018BC87A4534F4123D5FB9D69DED3160C8E0768952FF	identity 訓練候選比較；LoRA v2 已定案且權重已選
artifacts/pose-atlas-rebuild/2026-08-26/flux2-klein-identity28-train-agent-identity/build_headneck_carrier_contact.py	4938	7071FEAC9ECAA862D2827D74D87035A8CFE2933156AE23DCE11AFE1E4F142157	identity 訓練候選比較；LoRA v2 已定案且權重已選
artifacts/pose-atlas-rebuild/2026-08-26/flux2-klein-identity28-train-agent-identity/build_pure_identity_reference.py	4702	15C71A3B679FBBB4E989C3C7653D86B3A3CD36DDA5F4DAE0D91B6E9C94CF2A6D	identity 訓練候選比較；LoRA v2 已定案且權重已選
artifacts/pose-atlas-rebuild/2026-08-26/flux2-klein-identity28-train-agent-identity/build_stable14_subset.py	2862	C6D08B42FFFDC042647304E9D91639A548D202191EA6BD96A44ED176AACDC626	identity 訓練候選比較；LoRA v2 已定案且權重已選
artifacts/pose-atlas-rebuild/2026-08-26/flux2-klein-identity28-train-agent-identity/build_stable8_subset.py	2380	4D4607736247724083607328B20F8BEB27568664FAF983EE65032D63295760F3	identity 訓練候選比較；LoRA v2 已定案且權重已選
artifacts/pose-atlas-rebuild/2026-08-26/flux2-klein-identity28-train-agent-identity/compose_face_yunet_affine_cpu.py	7094	72556A8BA61B40F6839D9569AFACA8A1B9D66D34ED618AAA8165D4ECBC52FB8C	identity 訓練候選比較；LoRA v2 已定案且權重已選
artifacts/pose-atlas-rebuild/2026-08-26/flux2-klein-identity28-train-agent-identity/extract_face_patch_alpha.py	3883	BBA0326B2A0D89CED115CD5D8BCF3B8E52416E179A09EA2DB2D099A9ECD75353	identity 訓練候選比較；LoRA v2 已定案且權重已選
artifacts/pose-atlas-rebuild/2026-08-26/flux2-klein-identity28-train-agent-identity/extract_locked_base_face_anchor.py	3014	2E566227D12436E72393126725F0A94ABBEF47BE6EC3A4F9CC23C3CF8329DF2F	identity 訓練候選比較；LoRA v2 已定案且權重已選
artifacts/pose-atlas-rebuild/2026-08-26/flux2-klein-identity28-train-agent-identity/formal-step32.command.ps1	1975	3995D0EA552C6302F4761C61D77514CDC9EE157B8D4FF348FDAD1E5AF2E8DBA0	identity 訓練候選比較；LoRA v2 已定案且權重已選
artifacts/pose-atlas-rebuild/2026-08-26/flux2-klein-identity28-train-agent-identity/formal-step48.command.ps1	1926	87BE2E4BCD6025F5282253B6FAB507C7B8A46573636C9B587FF503FC370769A9	identity 訓練候選比較；LoRA v2 已定案且權重已選
artifacts/pose-atlas-rebuild/2026-08-26/flux2-klein-identity28-train-agent-identity/formal-step64.command.ps1	1926	4D99AF634724FFB7940A0F7E06F20F399EA69C21DBB06731F37D613D87B72A66	identity 訓練候選比較；LoRA v2 已定案且權重已選
artifacts/pose-atlas-rebuild/2026-08-26/flux2-klein-identity28-train-agent-identity/locate_exact_face_patch_yunet.py	2799	478D9AF5DE33B5A9CCD95D70BBBD475F1E7A663210E1056FF7E18442D07001D8	identity 訓練候選比較；LoRA v2 已定案且權重已選
artifacts/pose-atlas-rebuild/2026-08-26/flux2-klein-identity28-train-agent-identity/locate_generated_face_yunet_ort.py	5544	A5A233359C8663D3F521016687C728E063E1DF6E547766724B307BFFC4406131	identity 訓練候選比較；LoRA v2 已定案且權重已選
artifacts/pose-atlas-rebuild/2026-08-26/flux2-klein-identity28-train-agent-identity/output-step16-v2/formal-step16.command.ps1	1718	345A853125C9AE26CF01BE409BE9ED62ED884211E4F4DE29F1FE1D7AD30C9C4B	identity 訓練候選比較；LoRA v2 已定案且權重已選
artifacts/pose-atlas-rebuild/2026-08-26/flux2-klein-identity28-train-agent-identity/prepare_identity28_rgb.py	2702	09C712AD8A7402C5845B1C2E3A6027AAC0EB94E8885F4DA63778F67009E4F88D	identity 訓練候選比較；LoRA v2 已定案且權重已選
artifacts/pose-atlas-rebuild/2026-08-26/flux2-klein-identity28-train-agent-identity/project_face_texture_to_yaw045_geometry.py	8823	196DD6C601B36BD7FC32A3EC876625EBFFC4BD58D549C7FB456F782751BDDEE7	identity 訓練候選比較；LoRA v2 已定案且權重已選
artifacts/pose-atlas-rebuild/2026-08-26/flux2-klein-identity28-train-agent-identity/refine_face_only_24view_cpu.py	4328	67D3D01BFFAC21DABBA31367627D47F15AB7A165301FCC843A38B9FD4BAAD76B	identity 訓練候選比較；LoRA v2 已定案且權重已選
artifacts/pose-atlas-rebuild/2026-08-26/flux2-klein-identity28-train-agent-identity/render_step16_two_reference_diffusers.py	22820	5A1165091FC7DE7427198FEB7141D60A287A4A9847CCCC93E96F5EC9A86DCCEF	identity 訓練候選比較；LoRA v2 已定案且權重已選
artifacts/pose-atlas-rebuild/2026-08-26/flux2-klein-identity28-train-agent-identity/render_step16_yaw045.py	4436	712B63DC0F80C3CC0785CC445FECEBE62A4194FC45E5A5480B73B86B325BF14D	identity 訓練候選比較；LoRA v2 已定案且權重已選
artifacts/pose-atlas-rebuild/2026-08-26/flux2-klein-identity28-train-agent-identity/render_step32_yaw045_diffusers.py	5352	10E172F0031143C985B6587CC8C17E010E4DC6A98A198772D6A7BE1844B0CA93	identity 訓練候選比較；LoRA v2 已定案且權重已選
artifacts/pose-atlas-rebuild/2026-08-26/flux2-klein-identity28-train-agent-identity/render_step32_yaw045_from_yaw030_diffusers.py	910	D258804C4D54767B6324A509A952426FB3A4C66869480259925D1122ACEF5D93	identity 訓練候選比較；LoRA v2 已定案且權重已選
artifacts/pose-atlas-rebuild/2026-08-26/flux2-klein-identity28-train-agent-identity/train_flux2_klein_weighted.py	1914	76D5B382593842007F1C0905A6F04E27D631A65B26643E8408DFBA6E35E21FF3	identity 訓練候選比較；LoRA v2 已定案且權重已選
artifacts/pose-atlas-rebuild/2026-08-26/flux2-klein-nf4-probe-agent-identity/prepare_probe.py	1915	58AC7F1DE9D60BD92DBC84CEB224C114D3D7E7CECBCE91D1CB02695B14EAA1AB	Flux／Qwen 系試驗；現行產線為 Chroma1-HD
artifacts/pose-atlas-rebuild/2026-08-26/flux2-klein-pure-identity-reference/build_v2_owner_contact.py	1559	C496159E2F60F7268B66E241815078C37F4572F85C454BC1F2E9207E440A9314	Flux／Qwen 系試驗；現行產線為 Chroma1-HD
artifacts/pose-atlas-rebuild/2026-08-26/flux2-klein-step16-two-reference-yaw045-clean-v2-attempt1/detect_yunet_onnx.py	3026	2BE67991E1C72EFE16DA0621FA00A8179DFEF1869443E0978F02E38B9BB2DBEC	Flux／Qwen 系試驗；現行產線為 Chroma1-HD
artifacts/pose-atlas-rebuild/2026-08-26/formal-24-view-evidence-coverage-matrix-agent-b/build_coverage_matrix.py	7236	108F9F91459E9699F80105649B319128E95619A5CE377FB625DF73A9CE896187	產線更換後無現行用途
artifacts/pose-atlas-rebuild/2026-08-26/identity-render-readiness-24-agent-d/build_readiness_matrix.py	7189	729EC8AAB7503385C30F2BFD61227CD66B18D187A4F1E33F595F2F3341403013	產線更換後無現行用途
artifacts/pose-atlas-rebuild/2026-08-26/identity-render-readiness-24-agent-d/validate_readiness_matrix.py	2935	64C87CC68B4EF0251AE761E987C85E747DA92CFBAD2DA31CE0896A32ACC56727	產線更換後無現行用途
artifacts/pose-atlas-rebuild/2026-08-26/identity-v3-distinct12-source-selection-agent-b/build_v3_distinct12_sources.py	7975	9C4F98AF70ABD2ECEF779C980382A71F10858D564D46C9DFDB18C5F7F0700E19	identity 訓練候選比較；LoRA v2 已定案且權重已選
artifacts/pose-atlas-rebuild/2026-08-26/lora-dataset-gate-agent-d/audit_lora_dataset_gate.py	9750	39685491895657C4A1545D366CE7F6FDA0B24026C1A3F8E8B79EBCD4C81C158C	產線更換後無現行用途
artifacts/pose-atlas-rebuild/2026-08-26/mhr-candidate3-four-angle-control-smoke-agent-b/package_smoke.py	5469	DA26CAE0B7D21D62841C695395A34B62B71E80438E52A612B44070D713E2245E	逐角度撈候選；24 視角改為從控制圖確定性產生
artifacts/pose-atlas-rebuild/2026-08-26/mhr-candidate3-full-ring-qa-agent-b/validate_full_ring.py	10317	584520A7DBA7EEDEC7369B55F74336194DD18B7146BDE6109C4C818652C76FCF	逐角度撈候選；24 視角改為從控制圖確定性產生
artifacts/pose-atlas-rebuild/2026-08-26/mhr-head-feet-axis-authority-spec-agent-b/build_review_board.py	1268	82E3694988E34E13A7ED9BABB948BFF949F2DAFCD8C8169B55A53CA23E6EF866	產線更換後無現行用途
artifacts/pose-atlas-rebuild/2026-08-26/mhr-head-feet-axis-authority-spec-agent-b/validate_annotations.py	3536	0F59ED04A4FA7107007A11A38652AE9CD8D57A22EBDF0DA2209BBC771CDA1B41	產線更換後無現行用途
artifacts/pose-atlas-rebuild/2026-08-26/mhr-head-feet-exact-vertex-source-inventory-agent-b/build_inventory_and_board.py	7945	6AB06E7E1981026379E8B299620D84FD1E93E9AE17628AA9A775C012AC859B47	產線更換後無現行用途
artifacts/pose-atlas-rebuild/2026-08-26/mhr-head-feet-manual-picking-kit-agent-b/make_neighborhood.py	5534	13DD053F917AF259F03625108461241D26A43A03356B716706B02EFACCDF8487	產線更換後無現行用途
artifacts/pose-atlas-rebuild/2026-08-26/mhr-head-feet-manual-picking-kit-agent-b/validate_worklist.py	1335	B7F5A1608A6F271F1CCC90E9C0FF7A23C8B882518EE27DBDA1B0D99479BB2A2E	產線更換後無現行用途
artifacts/pose-atlas-rebuild/2026-08-26/mhr-segment-authority-candidates-agent-b/build_segment_candidates.py	5500	6B00302373642C1822CBF2C0E18FFECC8D73F93405A89405E72CB4496420F2AA	逐角度撈候選；24 視角改為從控制圖確定性產生
artifacts/pose-atlas-rebuild/2026-08-26/mhr-segment-overlay-local-axis-agent-b/build_overlays.py	7454	964F222C0D1A14163DA1644130512EA5F4D6AF268B5AA6891CAFCCA0E93E426D	產線更換後無現行用途
artifacts/pose-atlas-rebuild/2026-08-26/mohan-identity-v3-diverse12-candidate-agent-c/build_v3_diverse12_candidate.py	10724	6C843CE07B16EC0683ACEC26208104A39B7FE78C238AFEBD17F242969110C50F	identity 訓練候選比較；LoRA v2 已定案且權重已選
artifacts/pose-atlas-rebuild/2026-08-26/mohan-identity-v3-diverse28-candidate-agent-c/build_source_mattes.py	3739	02E6E0F64AF162F794834337980F2A27CF97D520D860704D05980B120B325130	identity 訓練候選比較；LoRA v2 已定案且權重已選
artifacts/pose-atlas-rebuild/2026-08-26/mohan-identity-v3-diverse28-candidate-agent-c/build_step32_48_64_contact.py	1191	3180621260B54DA2213AD95235658D3EB60F200FEF5326683E07892E27C24ED5	identity 訓練候選比較；LoRA v2 已定案且權重已選
artifacts/pose-atlas-rebuild/2026-08-26/mohan-identity-v3-diverse28-candidate-agent-c/build_v3_diverse28_candidate.py	16347	2623B23A5830D76D54787B167C6033CA512CEC9201136BACB6590423796F701C	identity 訓練候選比較；LoRA v2 已定案且權重已選
artifacts/pose-atlas-rebuild/2026-08-26/mohan-identity-v3-diverse28-candidate-agent-c/create_exact_v2_owner_approval.py	2316	D89F5E9A3AAC3406B519F12F1591C158A65235F1E3E4F56C9DD71A043D819416	identity 訓練候選比較；LoRA v2 已定案且權重已選
artifacts/pose-atlas-rebuild/2026-08-26/mohan-identity-v3-diverse28-candidate-agent-c/identity_v3_28_runner.py	15165	AC53A909C74D8A88D73FDA56D2DF4886CEB4E6D0A8EC7FF706AEB9EA23702CFC	identity 訓練候選比較；LoRA v2 已定案且權重已選
artifacts/pose-atlas-rebuild/2026-08-26/mohan-identity-v3-diverse28-candidate-agent-c/Invoke-Flux2KleinIdentityTraining.ps1	2203	8830FF07BDE42FA0FB02C3206A314D04DC4DC6A168ED505C53205C9B1D7F59FE	identity 訓練候選比較；LoRA v2 已定案且權重已選
artifacts/pose-atlas-rebuild/2026-08-26/mohan-identity-v3-diverse28-candidate-agent-c/preflight_flux2_klein_identity.py	6187	7A5D102CEFD0B2DD5374F5099948FB2AF865B041F612F5B511201153BE9096D4	identity 訓練候選比較；LoRA v2 已定案且權重已選
artifacts/pose-atlas-rebuild/2026-08-26/mohan-identity-v3-diverse28-candidate-agent-c/prepare_flux2_klein_probe.py	1958	732CDBCA99EBC70977CF029B8C8E14DC75992273C4B07A2517EE150CDE6156E5	identity 訓練候選比較；LoRA v2 已定案且權重已選
artifacts/pose-atlas-rebuild/2026-08-26/mohan-identity-v3-diverse28-candidate-agent-c/probe_flux2_klein_fp8_sm86.py	2461	C58F65EE55D0193A324142F5A1C20BC829ACA752A8AECA7F1E2B16936EB302E3	identity 訓練候選比較；LoRA v2 已定案且權重已選
artifacts/pose-atlas-rebuild/2026-08-26/mohan-identity-v3-diverse28-candidate-agent-c/render_identity_v3_checkpoint_3yaw.py	4201	295BDA04B170CCFEA03814956752DD2F79503999AEB0005605E34B394C64C5AC	identity 訓練候選比較；LoRA v2 已定案且權重已選
artifacts/pose-atlas-rebuild/2026-08-26/mohan-identity-v3-diverse28-candidate-agent-c/render_step16_yaw000_b00_3adapters.py	5323	D840038F147EE6E4BAFD50F509CA67C6D5F7CA53FA76D71195A7DF0180F80EB9	identity 訓練候選比較；LoRA v2 已定案且權重已選
artifacts/pose-atlas-rebuild/2026-08-26/mohan-identity-v3-diverse28-candidate-agent-c/run_step32_48_64_yaw000.ps1	4112	4F7C2344603A0020C69243CB532B9796EEC1E128D65A351D9BEBF1C8FA404D70	identity 訓練候選比較；LoRA v2 已定案且權重已選
artifacts/pose-atlas-rebuild/2026-08-26/mohan-identity-v3-diverse28-candidate-agent-c/train_identity_v3_28_rank8_512.py	12212	F6701F34596634633370BE244939A2BC7832C5A720D1EB8C94811FC89D4690BF	identity 訓練候選比較；LoRA v2 已定案且權重已選
artifacts/pose-atlas-rebuild/2026-08-26/multiview-texture-mosaic-yaw045-agent-b/compose_yaw045_final.py	5866	6DE74EF1C428188879FE9F8EBE6B6001D93B08CA7F0932ECB1964EA4739F0BC3	逐角度撈候選；24 視角改為從控制圖確定性產生
artifacts/pose-atlas-rebuild/2026-08-26/multiview-texture-mosaic-yaw045-agent-b/render_female_layered_proxy.py	9780	53731AC8D0123374F1905D08AF8860A966506CA0AB809CAF4FD2F8857CCF0464	逐角度撈候選；24 視角改為從控制圖確定性產生
artifacts/pose-atlas-rebuild/2026-08-26/multiview-texture-mosaic-yaw045-agent-b/render_multiview_texture_mosaic.py	12958	DCDE0B37F52892758A56BE594A141FFDB5A09763F7A959F88E859E18941A3038	逐角度撈候選；24 視角改為從控制圖確定性產生
artifacts/pose-atlas-rebuild/2026-08-26/multiview-texture-mosaic-yaw045-agent-b/render_visual_hull_045.py	12274	0FCE3DF28B2C2888EE3835EC8BC7884D0EB387AD90F8FB8D7CB3BC86CF9C2083	逐角度撈候選；24 視角改為從控制圖確定性產生
artifacts/pose-atlas-rebuild/2026-08-26/pose-atlas-live-gap-inventory-agent-b/build_live_inventory.py	12339	EEA125D8083D722F8D776055A3E16FED9BEC493ADB0844AEF7F3C62A5D04E45D	產線更換後無現行用途
artifacts/pose-atlas-rebuild/2026-08-26/poseatlas600-formal-promotion-blocking-matrix-agent-c/build_formal_promotion_matrix.py	12699	60977A44E5607566C6C4E874C450201AF670987F518050108B73137A2E942B66	產線更換後無現行用途
artifacts/pose-atlas-rebuild/2026-08-26/poseatlas600-formal-promotion-blocking-matrix-agent-c/split25_semantic_staging.py	11246	54EEB4796188840C0972B44722287FD34014E0223F39660C113ECABD5F08DE34	逐角度撈候選；24 視角改為從控制圖確定性產生
artifacts/pose-atlas-rebuild/2026-08-26/poseatlas600-formal-promotion-blocking-matrix-agent-c/split_physical_layers.py	8869	9F13AF70610D37083F1393336AC97932031799738C9C7B475C7A39BC28A91FA1	產線更換後無現行用途
artifacts/pose-atlas-rebuild/2026-08-26/poseatlas600-formal-promotion-blocking-matrix-agent-c/validate_formal_promotion_matrix.py	4744	D40CB665A129E3C0BF178391B7485166D220F9D411DFBE4344DE51E1F9AA5A93	產線更換後無現行用途
artifacts/pose-atlas-rebuild/2026-08-26/remaining-geometry-controls-agent-b/package_remaining_controls.py	4279	42BBAFCCCE5E602DA804DD40F748211203C965CF5B984ADAD405578121A9CF7A	產線更換後無現行用途
artifacts/pose-atlas-rebuild/2026-08-26/seq01-02-exact-bound-two-image-lora-smoke-agent-d/owner12_continue_to64.py	11963	A74E004E703D0973AA324DEEFF06CE12CB9F4CA0B8D01204EBDB04585C0717D1	逐角度撈候選；24 視角改為從控制圖確定性產生
artifacts/pose-atlas-rebuild/2026-08-26/seq01-02-exact-bound-two-image-lora-smoke-agent-d/owner12_short_train.py	17734	575EA5836DE7F78FAA0D235DFBC5D5D5F3B67844B9A76012D6CC28FD8882B928	逐角度撈候選；24 視角改為從控制圖確定性產生
artifacts/pose-atlas-rebuild/2026-08-26/seq01-02-exact-bound-two-image-lora-smoke-agent-d/prepare_owner12_cache.py	5085	52D1ED7593241481F98777F188E294D74532F05A739BD44013DED7BB27697543	逐角度撈候選；24 視角改為從控制圖確定性產生
artifacts/pose-atlas-rebuild/2026-08-26/seq01-02-exact-bound-two-image-lora-smoke-agent-d/prepare_two_image_dataset.py	9258	B5D3D37024DC940DF7B531C7048BFCE25C51CF77B54AA9E9C17045D082B5D058	逐角度撈候選；24 視角改為從控制圖確定性產生
artifacts/pose-atlas-rebuild/2026-08-26/seq01-02-exact-bound-two-image-lora-smoke-agent-d/two_image_smoke.py	19421	025F7F9A8DE08DCCC09733A78A736EC4BC871B92A01C7B50BE0BF10FA40B9598	逐角度撈候選；24 視角改為從控制圖確定性產生
artifacts/pose-atlas-rebuild/2026-08-26/step8-sidecar-transaction-plan-agent-b/build_plan.py	4342	C1097BFE7C552420EFD4548EBA4F91281B71E0C6BFDCF6043621EB5030DD8E1F	產線更換後無現行用途
artifacts/pose-atlas-rebuild/2026-08-26/step8-sidecar-transaction-plan-agent-b/validate_transaction.py	3750	5DE3BE6FEBBD529A75D6395ABA10D314FDBBADFE261DC221541475FA1BCD3429	產線更換後無現行用途
artifacts/pose-atlas-rebuild/2026-08-26/step8-trainer-state-gap-agent-b/build_gap_report.py	3294	B810C4BB2D5E5DD22B13245E6393A6DC1D9A43096E6150C99CE388737FA5BD5E	產線更換後無現行用途
artifacts/pose-atlas-rebuild/2026-08-26/step8-trainer-state-gap-agent-b/validate_sidecar.py	3859	44C10B366C1AD5B6D3E111F7F9FDE67A92683C056D76EC0412845D958DE2415C	產線更換後無現行用途
artifacts/pose-atlas-rebuild/2026-08-26/yaw000-core25-yunchangge-staging-agent-c/build_core25_yunchangge.py	11812	BCE9BC0BB52A33CEF00CF28643A5C52847246D70F581E7B27D1E33932A16E3DE	逐角度撈候選；24 視角改為從控制圖確定性產生
artifacts/pose-atlas-rebuild/2026-08-26/yaw000-core25-yunchangge-staging-agent-c/collect_poseatlas25_jobs.py	5585	0427F60666405D03D6ADA09CD0F5F86CB5B00A6AE555BD50050EF26E72297678	逐角度撈候選；24 視角改為從控制圖確定性產生
artifacts/pose-atlas-rebuild/2026-08-26/yaw000-core25-yunchangge-staging-agent-c/split_poseatlas25_batch.py	15018	42F3DC63596931E82179B7832799C23EAB3AA64828343F34FA214619C67601B7	逐角度撈候選；24 視角改為從控制圖確定性產生
artifacts/pose-atlas-rebuild/2026-08-26/yaw000-owner-identity-only-review-agent-b/build_review_pack.py	8214	F27883327356F3EE8F158A95562AD90CC90229DE0EF28434CD065E16A338BDD5	逐角度撈候選；24 視角改為從控制圖確定性產生
artifacts/pose-atlas-rebuild/2026-08-26/yaw000-owner-identity-only-review-agent-b/validate_owner_gate.py	1450	5BD095B22AA9DF22CA886570DCC9DEE1852003359F69DAA1989B84BCBD8379CC	逐角度撈候選；24 視角改為從控制圖確定性產生
artifacts/pose-atlas-rebuild/2026-08-26/yaw015-owner-identity-only-review-agent-b/build_review_pack.py	5474	55CF850215683E51463179CD2DBD70C0F6AC937FAEE076CEC628D52C07D7E664	逐角度撈候選；24 視角改為從控制圖確定性產生
artifacts/pose-atlas-rebuild/2026-08-26/yaw015-owner-identity-only-review-agent-b/validate_owner_gate.py	1529	D7D6990C8E2DE3BC5F1C8948572701FF58308E8427941BA5853CEED087506762	逐角度撈候選；24 視角改為從控制圖確定性產生
artifacts/pose-atlas-rebuild/2026-08-26/yaw045-admitted-generator-capability-gap-agent-b/build_capability_gap.py	7620	1FA8F87600EB6B571E30503E83ECD72AB49A3AEEF9FB246E06118E6B338C4DE3	逐角度撈候選；24 視角改為從控制圖確定性產生
artifacts/pose-atlas-rebuild/2026-08-26/yaw045-all-candidate-five-gate-review-agent-b/build_review.py	9042	C33595DBFC4868B5111F8CA8817246D5542712E717FA2F3BF94CC53F17D9EB2F	逐角度撈候選；24 視角改為從控制圖確定性產生
artifacts/pose-atlas-rebuild/2026-08-26/yaw045-attempt4-six-gate-review-agent-b/build_review.py	12962	E34EBC1CBE28EC96BB034CE28756AD6DDA640001A3D6ECE9573BA36580F3A80D	逐角度撈候選；24 視角改為從控制圖確定性產生
artifacts/pose-atlas-rebuild/2026-08-26/yaw045-attempt6-input-bundle-agent-b/preflight_attempt6_bundle.py	3043	A6D1404AD2B423ECFEE63659ECCD03608F329B0AA24C869F104DE65E07FB3554	逐角度撈候選；24 視角改為從控制圖確定性產生
artifacts/pose-atlas-rebuild/2026-08-26/yaw045-candidate-v3-remake-input-spec-agent-b/validate_spec.py	3918	A83B1177DB0B2F158B9DF662D7AD31A6ACD6AF96E2F731334B046F0CA79FCF26	逐角度撈候選；24 視角改為從控制圖確定性產生
artifacts/pose-atlas-rebuild/2026-08-26/yaw045-common-hardgate-ranking-agent-b/build_ranking.py	7912	4756BDFC36D8D7F646C75ABC3FBFC059D01358870D8E71D39DEB120B76C1A571	逐角度撈候選；24 視角改為從控制圖確定性產生
artifacts/pose-atlas-rebuild/2026-08-26/yaw045-face-neck-stage1-contract-agent-b/build_adapter_request.py	1544	A6F7880C2AD049FE7512DF0D82AE9E386F31EB6E600BE4CC4B44C33EB67DC307	臉部遮罩路線；identity 已改由 LoRA v2 承擔
artifacts/pose-atlas-rebuild/2026-08-26/yaw045-face-neck-stage1-contract-agent-b/build_conditioning_plan.py	4098	B949E43E02E2BC1EFBC7D7796C3259A54538FBB3651C5321B995BA8A8C181743	臉部遮罩路線；identity 已改由 LoRA v2 承擔
artifacts/pose-atlas-rebuild/2026-08-26/yaw045-face-neck-stage1-contract-agent-b/build_contract.py	6177	56B4A86B09D93A15B50047004A3628920D37B62D4B8F62B8351B1501CDD5D586	臉部遮罩路線；identity 已改由 LoRA v2 承擔
artifacts/pose-atlas-rebuild/2026-08-26/yaw045-face-neck-stage1-contract-agent-b/build_current_yaw045_fail_matrix.py	9305	DF1F8DF192DCDCC43E09A62CA9D2BCD6CB8AB6A8E626A7DE31828225750D7D6A	臉部遮罩路線；identity 已改由 LoRA v2 承擔
artifacts/pose-atlas-rebuild/2026-08-26/yaw045-face-neck-stage1-contract-agent-b/build_local_runtime_inventory.py	7054	13043C64E9FE230A668974B56BE73B1D58E0DC4D4C94598146CCC297461C12F6	臉部遮罩路線；identity 已改由 LoRA v2 承擔
artifacts/pose-atlas-rebuild/2026-08-26/yaw045-face-neck-stage1-contract-agent-b/build_source_matrix.py	10236	AE3A445DBD1F92495DAB43A72A920C8BA2804F2B63B6CF8D3FC4D9D122A46B96	臉部遮罩路線；identity 已改由 LoRA v2 承擔
artifacts/pose-atlas-rebuild/2026-08-26/yaw045-face-neck-stage1-contract-agent-b/build_yaw045_remake_execution_package.py	8236	9DA600A3E9530C95E130954DBAA3B6BA9029E5505D3B6E131CF2B10CA0807E8B	臉部遮罩路線；identity 已改由 LoRA v2 承擔
artifacts/pose-atlas-rebuild/2026-08-26/yaw045-face-neck-stage1-contract-agent-b/legal_generator_adapter_stub.py	2440	98FE7CAE54CA33220881650CA1375A56558ACD33DF620C593ACBA88EAE5F57D9	臉部遮罩路線；identity 已改由 LoRA v2 承擔
artifacts/pose-atlas-rebuild/2026-08-26/yaw045-face-neck-stage1-contract-agent-b/preflight_yaw045_remake.py	3789	2C8E2AA079934D876C10891EEEF66166F49F31562D95091CA029B4BAB9DB9F96	臉部遮罩路線；identity 已改由 LoRA v2 承擔
artifacts/pose-atlas-rebuild/2026-08-26/yaw045-face-neck-stage1-contract-agent-b/run_conditioning_plan_selftest.py	1985	C585034A984D5F4F329A9C5C41F89A0B04E6CE0A8BA0E517A3CE453E4FBDBE6B	臉部遮罩路線；identity 已改由 LoRA v2 承擔
artifacts/pose-atlas-rebuild/2026-08-26/yaw045-face-neck-stage1-contract-agent-b/run_legal_adapter_smoke.py	1810	CD82AA603060F204BE5B32B80D4ABCFD7DC77D2EAF1B2836624EA43A0775F460	臉部遮罩路線；identity 已改由 LoRA v2 承擔
artifacts/pose-atlas-rebuild/2026-08-26/yaw045-face-neck-stage1-contract-agent-b/run_selftest.py	2147	F439589E875440263252C41D9B10FD4E314C053ADA72B35298AE77E7B1997F11	臉部遮罩路線；identity 已改由 LoRA v2 承擔
artifacts/pose-atlas-rebuild/2026-08-26/yaw045-face-neck-stage1-contract-agent-b/validate_before_after.py	4207	D2089E1C434B0B3E890DCC43587E9559AC03EC0D5377F4C81E64EB3CEACE6B9C	臉部遮罩路線；identity 已改由 LoRA v2 承擔
artifacts/pose-atlas-rebuild/2026-08-26/yaw045-face-neck-stage1-contract-agent-b/validate_conditioning_plan.py	4824	88DA31914984D3A524A1D7AF0968D659FE0A7EB94EE5B6BB250EB2C932165E84	臉部遮罩路線；identity 已改由 LoRA v2 承擔
artifacts/pose-atlas-rebuild/2026-08-26/yaw045-flux-image-only-exploration-batch-agent-b/build_spec.py	7019	41EAB2C0FDD4C74BA445EFE7146F5F04330CCB1637C14069E572E8B6DDAFA9D7	Flux／Qwen 系試驗；現行產線為 Chroma1-HD
artifacts/pose-atlas-rebuild/2026-08-26/yaw045-flux-image-only-exploration-batch-agent-b/preflight.py	2261	CCEE7E4E35093E12887425C9515AF9E32E6251A7251BE6869EC9AFD372A283A8	Flux／Qwen 系試驗；現行產線為 Chroma1-HD
artifacts/pose-atlas-rebuild/2026-08-26/yaw045-flux-soft-img2img-exploration-contract-agent-b/build_preflight.py	6712	4AF8CB9287617791D630A28FE9331465F972E6E038F73F446F66EE47F142508C	Flux／Qwen 系試驗；現行產線為 Chroma1-HD
artifacts/pose-atlas-rebuild/2026-08-26/yaw045-flux-soft-img2img-exploration-contract-agent-b/build_white_composite.py	7010	A0A008FAC7B40D504D52590D2CD2F87DE5D44DE9FE75C85421F5569C09F3F131	Flux／Qwen 系試驗；現行產線為 Chroma1-HD
artifacts/pose-atlas-rebuild/2026-08-26/yaw045-local-fail-overlay-agent-b/build_local_fail_evidence.py	12452	15B1D528E24F4C9CF6C2A131E6A15D37DAD3F9EE89A36355C79C70FDF17D117A	逐角度撈候選；24 視角改為從控制圖確定性產生
artifacts/pose-atlas-rebuild/2026-08-26/yaw045-next-generation-contract-agent-b/validate_generation_candidate.py	5968	C49F882B4AF9072F51803F914843F2E2C173BD9C4ED8E363A619FC6B45F5714B	逐角度撈候選；24 視角改為從控制圖確定性產生
artifacts/pose-atlas-rebuild/2026-08-26/yaw045-renderer-minus045-direct-repro-agent-b/package_and_qa.py	4947	580D19B70FAE0EAC35E57240761E3FD52D7CEAC93C3610C0FAF6AC46C9233303	逐角度撈候選；24 視角改為從控制圖確定性產生
artifacts/pose-atlas-rebuild/2026-08-26/yaw045-shaded-jaw-control-agent-b/build_yaw045_jaw13_mesh_candidates.py	10089	ED664B7373E428F4425D97B334489C409A9F9CA8B398A492D845F108A10FB6D0	逐角度撈候選；24 視角改為從控制圖確定性產生
artifacts/pose-atlas-rebuild/2026-08-26/yaw045-six-gate-capability-binding-agent-b/build_matrix.py	8355	EB1FA22278B534541CEDB5F46BF0E583583F959CB768BE6DB5C9169CBAB6DD77	逐角度撈候選；24 視角改為從控制圖確定性產生
artifacts/pose-atlas-rebuild/2026-08-26/yaw045-six-gate-capability-binding-agent-b/preflight.py	1756	0EDC059E3D9DE333C23B36D28A6C2FF1755D8C535F92592782A8793509501E0C	逐角度撈候選；24 視角改為從控制圖確定性產生
artifacts/pose-atlas-rebuild/2026-08-26/yaw045-stage1-all-candidate-audit-agent-b/audit_all_candidates.py	14919	7F982C1CEA6B3850402F90056FF36A50F633FA056C5F475B9CC570D96A982EC5	逐角度撈候選；24 視角改為從控制圖確定性產生
artifacts/pose-atlas-rebuild/2026-08-26/yaw045-stage1-shared-yaw-control-contract-agent-b/validate_contract.py	5446	3F392E40A6AB8CFCA586B724A5C432CFE3C1B60C71FA8BAB2853F5F9DEBF287F	逐角度撈候選；24 視角改為從控制圖確定性產生
artifacts/pose-atlas-rebuild/2026-08-26/yaw045-v4-nongenerative-geometry-requirements-agent-b/build_analysis.py	10042	E40AD4631386EE7923A69FB7FD8595D693CD2987ECBF1267B2CB3C205AA4BDF9	逐角度撈候選；24 視角改為從控制圖確定性產生
artifacts/pose-atlas-rebuild/2026-08-26/yaw045-v4-nongenerative-geometry-requirements-agent-b/validate_revision.py	3712	9A1398C744FA6DAC494B62988808E84D7FC7707120C36BD177E8EB7564997D33	逐角度撈候選；24 視角改為從控制圖確定性產生
artifacts/pose-atlas-rebuild/2026-08-26/yaw060-geometry-controls-agent-d/package_yaw060.py	4210	DAC86E380D63826E1D8FC83D9D28FB6DC8DF95C5EC8F685298D938DE95FC07E8	逐角度撈候選；24 視角改為從控制圖確定性產生
artifacts/pose-atlas-rebuild/2026-08-26/yaw075-geometry-controls-agent-d/package_yaw075.py	4494	2D7193FF893D2D5C202F4CFB30B34BFAC9BD146702EE43EA44C0032CC2E3C623	逐角度撈候選；24 視角改為從控制圖確定性產生
artifacts/pose-atlas-rebuild/2026-08-26/yaw090-flux-img2img-lora-3d-agent-d/build_idle_front_checkpoint_contact.py	6691	0FB0836D310AF7A7931E9CDD078065FD0E277F0B6425B5323100BF0C21F76EC7	Flux／Qwen 系試驗；現行產線為 Chroma1-HD
artifacts/pose-atlas-rebuild/2026-08-26/yaw090-flux-img2img-lora-3d-agent-d/clean_birefnet_rgba.py	3746	6AE45D34F06F9648E96DD89440FC239EDE1972AE1A601B62D43C428D4109DDF7	Flux／Qwen 系試驗；現行產線為 Chroma1-HD
artifacts/pose-atlas-rebuild/2026-08-26/yaw090-flux-img2img-lora-3d-agent-d/compare_identity_checkpoints_3yaw.py	11162	0B9421DD35FBF703873DE958453EC594AD5CE5E73611ED47DD2FC31DCC5B954C	Flux／Qwen 系試驗；現行產線為 Chroma1-HD
artifacts/pose-atlas-rebuild/2026-08-26/yaw090-flux-img2img-lora-3d-agent-d/compare_identity_checkpoints_idle_front.py	8061	D26BB42A7AAC232AA485D3448599AE84C8DA3ECEF3AE21E772871471ABD911F2	Flux／Qwen 系試驗；現行產線為 Chroma1-HD
artifacts/pose-atlas-rebuild/2026-08-26/yaw090-flux-img2img-lora-3d-agent-d/run_flux_img2img_dual_lora_3d.py	15271	04D41424C4A468CC2596C84A56C43BDC53C8CD752167DAD5A061DFB2B516D05F	Flux／Qwen 系試驗；現行產線為 Chroma1-HD
artifacts/pose-atlas-rebuild/2026-08-26/yaw090-mhr-part-id-proxy-agent-c/render_yaw090_part_ids.py	7627	452116AFDD958233AF23296F12A67177422673E4B56ABB4CB381EE64C9BEFF8B	逐角度撈候選；24 視角改為從控制圖確定性產生
artifacts/zenodo-doi-backfill-draft/upload_zenodo_resilient.ps1	6512	18402219A7E0C223C68E124A85AD823C757F0FCFD65E74AD4B73BAC5206ECF79	產線更換後無現行用途
artifacts/zenodo-doi-backfill-draft/validate_draft.py	1849	3E98E003DD65532C1A1C39F9E0AC7A83CFBC14931D6BB61952FE1D1B06E6D08E	產線更換後無現行用途
